RegionID,RegionName,StateName,home_value,rent,rent_burden,rent_leftover,rent_status,mortgage_total_monthly,mortgage_burden,mortgage_leftover,mortgage_status
102001,United States,,361045.02948612295,2203.1975132534576,0.2643837015904149,819.3024867465429,Comfortable,2336.685174920148,0.2804022209904177,685.8148250798527,Comfortable
394913,"New York, NY",NY,721778.1045325961,3499.398402912557,0.41992780834950677,-476.8984029125563,Not Viable,4521.480983991932,0.5425777180790318,-1498.9809839919312,Not Viable
753899,"Los Angeles, CA",CA,990630.0889570625,4318.329316584739,0.5181995179901686,-1295.8293165847385,Not Viable,6149.79490767507,0.7379753889210083,-3127.2949076750697,Not Viable
394463,"Chicago, IL",IL,354696.6677105894,2395.61500082728,0.28747380009927354,626.8849991727207,Comfortable,2298.2360413055762,0.2757883249566691,724.2639586944242,Comfortable
394514,"Dallas, TX",TX,362160.7948053724,2311.052244690028,0.27732626936280336,711.4477553099723,Comfortable,2343.4428568795574,0.2812131428255469,679.057143120443,Comfortable
394692,"Houston, TX",TX,307345.87708617706,2149.3547324869646,0.25792256789843576,873.1452675130358,Comfortable,2011.4538855547517,0.2413744662665702,1011.0461144452488,Comfortable
395209,"Washington, DC",VA,610706.8403205625,3089.620061405379,0.37075440736864546,-67.12006140537869,Stretched,3848.7729642809777,0.4618527557137173,-826.2729642809772,Not Viable
394974,"Philadelphia, PA",PA,384320.6350798961,2186.544952782278,0.2623853943338733,835.9550472177225,Comfortable,2477.6549086999853,0.2973185890439982,544.8450913000152,Comfortable
394856,"Miami, FL",FL,555435.1730473447,3367.148672489798,0.40405784069877576,-344.6486724897977,Not Viable,3514.0176690994117,0.42168212029192936,-491.51766909941125,Not Viable
394347,"Atlanta, GA",GA,382809.69792702136,2176.2448996629487,0.26114938795955384,846.2551003370518,Comfortable,2468.5038510683935,0.2962204621282072,553.996148931607,Comfortable
394404,"Boston, MA",MA,747202.6775771453,3497.6502136752138,0.4197180256410256,-475.1502136752133,Not Viable,4675.466034095847,0.5610559240915016,-1652.9660340958467,Not Viable
394976,"Phoenix, AZ",AZ,452213.97929875617,2241.419740091211,0.2689703688109453,781.0802599087892,Comfortable,2888.8539480287845,0.3466624737634541,133.6460519712159,Stretched
395057,"San Francisco, CA",CA,1174850.0256240016,3982.429520860248,0.47789154250322974,-959.9295208602475,Not Viable,7265.531094398581,0.8718637313278297,-4243.0310943985805,Not Viable
395025,"Riverside, CA",CA,584840.9957327767,3069.4259077346355,0.36833110892815624,-46.925907734635075,Stretched,3692.1153335765684,0.4430538400291882,-669.615333576568,Not Viable
394532,"Detroit, MI",MI,254818.82453414385,1554.8931221184437,0.18658717465421323,1467.6068778815566,Comfortable,1693.3214707109203,0.20319857648531042,1329.1785292890804,Comfortable
395078,"Seattle, WA",WA,766370.0004309666,3217.078454848633,0.38604941458183595,-194.57845484863265,Stretched,4791.553771924599,0.5749864526309518,-1769.053771924598,Not Viable
394865,"Minneapolis, MN",MN,387744.8953637317,2393.9438965123973,0.28727326758148763,628.5561034876032,Comfortable,2498.394092420056,0.2998072910904067,524.1059075799444,Comfortable
395056,"San Diego, CA",CA,977250.5170698068,4067.697972514045,0.48812375670168534,-1045.1979725140445,Not Viable,6068.760939324136,0.7282513127188963,-3046.260939324136,Not Viable
395148,"Tampa, FL",FL,370545.38821431465,2367.23144991983,0.2840677739903796,655.2685500801704,Comfortable,2394.2245173587576,0.2873069420830509,628.2754826412429,Comfortable
394530,"Denver, CO",CO,584221.1947056873,2834.920172155366,0.34019042065864386,187.57982784463456,Stretched,3688.361481268269,0.4426033777521923,-665.8614812682686,Not Viable
394358,"Baltimore, MD",MD,403163.15381605335,2307.83204020786,0.27693984482494316,714.6679597921407,Comfortable,2591.775456037679,0.31101305472452145,430.7245439623216,Stretched
395121,"St. Louis, MO",MO,268640.385949478,1607.006826973549,0.1928408192368259,1415.4931730264511,Comfortable,1777.0323681692698,0.21324388418031237,1245.4676318307306,Comfortable
394943,"Orlando, FL",FL,398751.7611248318,2412.495294953939,0.28949943539447265,610.0047050460616,Comfortable,2565.0576612729237,0.30780691935275084,457.44233872707673,Stretched
394458,"Charlotte, NC",NC,386021.5185372832,2095.442979332442,0.25145315751989306,927.0570206675588,Comfortable,2487.9563845181924,0.29855476614218307,534.543615481808,Comfortable
395055,"San Antonio, TX",TX,276397.1153803244,1808.2581403959985,0.2169909768475198,1214.241859604002,Comfortable,1824.0113427211145,0.21888136112653372,1198.488657278886,Comfortable
394998,"Portland, OR",OR,549696.6561795963,2623.0313083271694,0.3147637569992603,399.468691672831,Stretched,3479.262088116633,0.41751145057399597,-456.76208811663264,Not Viable
395045,"Sacramento, CA",CA,576389.2607022662,2712.745192083876,0.3255294230500651,309.75480791612426,Stretched,3640.9270268994896,0.43691124322793873,-618.4270268994892,Not Viable
394982,"Pittsburgh, PA",PA,221908.3771380411,1609.3546673821484,0.1931225600858578,1413.145332617852,Comfortable,1493.9978918114264,0.17927974701737115,1528.5021081885739,Comfortable
394466,"Cincinnati, OH",OH,307214.1476184548,2025.8394283771645,0.24310073140525973,996.6605716228355,Comfortable,2010.6560602126374,0.24127872722551647,1011.8439397873631,Comfortable
394355,"Austin, TX",TX,428846.11932347,2233.1363537897764,0.26797636245477313,789.363646210224,Comfortable,2747.3254715107823,0.3296790565812939,275.1745284892181,Stretched
394775,"Las Vegas, NV",NV,446619.4146443298,2170.254515557152,0.2604305418668582,852.2454844428485,Comfortable,2854.9702199869434,0.3425964263984332,167.529780013057,Stretched
394735,"Kansas City, MO",MO,314540.41064356087,1676.0310453637967,0.2011237254436556,1346.4689546362038,Comfortable,2055.0278959566904,0.24660334751480284,967.4721040433101,Comfortable
394492,"Columbus, OH",OH,342158.1804886132,1952.03639794686,0.23424436775362317,1070.4636020531402,Comfortable,2222.2961393957094,0.2666755367274851,800.2038606042911,Comfortable
394705,"Indianapolis, IN",IN,289823.44174076844,1806.2237612657093,0.2167468513518851,1216.2762387342914,Comfortable,1905.3284816048974,0.22863941779258767,1117.1715183951032,Comfortable
394475,"Cleveland, OH",OH,246501.4170563486,1663.3330764406312,0.19959996917287573,1359.1669235593695,Comfortable,1642.94672479252,0.19715360697510237,1379.55327520748,Comfortable
395059,"San Jose, CA",CA,1685026.162240873,4434.265139136463,0.5321118166963755,-1411.765139136463,Not Viable,10355.435409453075,1.242652249134369,-7332.935409453075,Not Viable
394902,"Nashville, TN",TN,454743.3509895725,2286.095355762316,0.2743314426914779,736.4046442376844,Comfortable,2904.173199441948,0.34850078393303374,118.32680055805258,Stretched
395194,"Virginia Beach, VA",VA,364336.80977302446,2127.1024207034566,0.2552522904844148,895.3975792965439,Comfortable,2356.621987684769,0.28279463852217224,665.8780123152314,Comfortable
395005,"Providence, RI",RI,511144.85006971547,2965.527537277537,0.3558633044733044,56.97246272246366,Stretched,3245.771370887101,0.3894925645064521,-223.2713708871006,Stretched
394714,"Jacksonville, FL",FL,354518.98460537737,1988.020283099493,0.23856243397193916,1034.4797169005074,Comfortable,2297.1598957274086,0.275659187487289,725.3401042725918,Comfortable
394862,"Milwaukee, WI",WI,377743.8784490761,1686.150942649967,0.20233811311799602,1336.3490573500335,Comfortable,2437.822491552072,0.2925386989862486,584.6775084479286,Comfortable
394935,"Oklahoma City, OK",OK,241217.39950110012,1507.5307278590064,0.18090368734308077,1514.9692721409942,Comfortable,1610.9438389792872,0.19331326067751445,1411.5561610207137,Comfortable
395012,"Raleigh, NC",NC,435865.596524457,2083.183662671288,0.24998203952055453,939.316337328712,Comfortable,2789.839245354824,0.33478070944257887,232.66075464517644,Stretched
394849,"Memphis, TN",TN,240372.65856365708,1567.92177822812,0.1881506133873744,1454.5782217718802,Comfortable,1605.8276281642982,0.19269931537971577,1416.672371835702,Comfortable
395022,"Richmond, VA",VA,383039.35562681576,2148.690344347616,0.25784284132171387,873.8096556523847,Comfortable,2469.8947830752995,0.2963873739690359,552.6052169247009,Comfortable
394807,"Louisville, KY",KY,273682.86680360005,1605.282547699214,0.19263390572390568,1417.2174523007866,Comfortable,1807.57237627912,0.21690868515349437,1214.92762372088,Comfortable
394910,"New Orleans, LA",LA,255001.6478016673,1872.944121238239,0.22475329454858867,1149.5558787617615,Comfortable,1694.4287479092604,0.20333144974911124,1328.0712520907405,Comfortable
395053,"Salt Lake City, UT",UT,569243.317091772,2450.6493347338933,0.29407792016806716,571.8506652661072,Comfortable,3597.647303657978,0.4317176764389573,-575.1473036579773,Not Viable
394669,"Hartford, CT",CT,398815.8769491832,2523.0514601721693,0.3027661752206603,499.44853982783115,Stretched,2565.4459815962546,0.3078535177915505,457.0540184037459,Stretched
394425,"Buffalo, NY",NY,274645.62351168954,1857.717782217782,0.22292613386613383,1164.7822177822186,Comfortable,1813.403354823903,0.21760840257886835,1209.0966451760974,Comfortable
394388,"Birmingham, AL",AL,253576.07901906632,1487.6212702472292,0.1785145524296675,1534.878729752771,Comfortable,1685.7947275844845,0.2022953673101381,1336.705272415516,Comfortable
395031,"Rochester, NY",NY,265145.7089428232,1939.370202020202,0.23272442424242423,1083.1297979797987,Comfortable,1755.866702455874,0.21070400429470487,1266.633297544126,Comfortable
394640,"Grand Rapids, MI",MI,338591.0369854805,2169.670894708129,0.26036050736497546,852.8291052918717,Comfortable,2200.69157714425,0.26408298925731,821.8084228557505,Comfortable
395167,"Tucson, AZ",AZ,349614.5147811333,1888.9382541795403,0.2266725905015448,1133.5617458204601,Comfortable,2267.455757518437,0.27209469090221244,755.0442424815633,Comfortable
753924,"Urban Honolulu, HI",HI,1026986.3025340178,3199.5342101632427,0.3839441052195891,-177.03421016324228,Stretched,6369.987921710221,0.7643985506052264,-3347.4879217102202,Not Viable
395169,"Tulsa, OK",OK,247750.22154105903,1574.070296619661,0.1888884355943593,1448.42970338034,Comfortable,1650.5101643362707,0.19806121972035245,1371.98983566373,Comfortable
394619,"Fresno, CA",CA,406849.5163151639,2395.4057444386017,0.2874486893326322,627.0942555613988,Comfortable,2614.1020734063204,0.3136922488087584,408.39792659368004,Stretched
395238,"Worcester, MA",MA,474646.6645031988,2732.845712022183,0.32794148544266194,289.6542879778176,Stretched,3024.718497223723,0.3629662196668467,-2.218497223722352,Stretched
394938,"Omaha, NE",NE,296884.3223286023,1904.4891836133215,0.22853870203359858,1118.0108163866794,Comfortable,1948.0930168909074,0.23377116202690887,1074.4069831090933,Comfortable
394415,"Bridgeport, CT",CT,734277.4224355143,3903.1803619821912,0.4683816434378629,-880.6803619821908,Not Viable,4597.1836551901115,0.5516620386228134,-1574.683655190111,Not Viable
394653,"Greenville, SC",SC,305005.4379225681,1850.1972597669464,0.22202367117203356,1172.302740233054,Comfortable,1997.2789123411599,0.23967346948093918,1025.2210876588401,Comfortable
394312,"Albuquerque, NM",NM,343094.35950402124,2062.784423048216,0.2475341307657859,959.7155769517844,Comfortable,2227.966148970354,0.26735593787644246,794.5338510296465,Comfortable
394357,"Bakersfield, CA",CA,359943.3438170163,2231.85933908046,0.2678231206896552,790.6406609195406,Comfortable,2330.012766983979,0.27960153203807747,692.4872330160215,Comfortable
394308,"Albany, NY",NY,353494.8257823262,2187.291764705882,0.26247501176470583,835.2082352941184,Comfortable,2290.957032560127,0.2749148439072152,731.5429674398733,Comfortable
394753,"Knoxville, TN",TN,355162.83919986803,2024.1243570155336,0.242894922841864,998.3756429844666,Comfortable,2301.059429529552,0.2761271315435462,721.4405704704486,Comfortable
394367,"Baton Rouge, LA",LA,245062.5465662196,1717.264099401944,0.20607169192823324,1305.2359005980566,Comfortable,1634.2321420883254,0.19610785705059905,1388.267857911675,Comfortable
394843,"McAllen, TX",TX,190046.83194823551,1740.383910792513,0.20884606929510155,1282.1160892074872,Comfortable,1301.0270354732033,0.1561232442567844,1721.4729645267967,Comfortable
394908,"New Haven, CT",CT,411229.0885054947,2826.9569058392585,0.339234828700711,195.54309416074193,Stretched,2640.6271459013487,0.3168752575081618,381.8728540986517,Stretched
394561,"El Paso, TX",TX,226289.45530789028,1685.7857588087018,0.2022942910570442,1336.7142411912987,Comfortable,1520.5320853379537,0.18246385024055445,1501.967914662047,Comfortable
394318,"Allentown, PA",PA,352034.7831375077,2153.985985101397,0.25847831821216766,868.5140148986034,Comfortable,2282.114219765501,0.2738537063718601,740.3857802344996,Comfortable
394952,"Oxnard, CA",CA,895334.6532495179,3919.984035759897,0.47039808429118757,-897.4840357598964,Not Viable,5572.633890402976,0.668716066848357,-2550.133890402976,Not Viable
394486,"Columbia, SC",SC,249972.62552696583,1787.205650406504,0.21446467804878047,1235.2943495934965,Comfortable,1663.9702522803777,0.19967643027364532,1358.5297477196223,Comfortable
753906,"North Port, FL",FL,420272.0144368797,2541.242721704841,0.3049491266045809,481.25727829515927,Stretched,2695.3960263930844,0.3234475231671701,327.10397360691604,Stretched
394457,"Charleston, SC",SC,427694.9703511426,2460.8070759593743,0.2952968491151249,561.6929240406262,Comfortable,2740.353486892976,0.3288424184271571,282.1465131070245,Stretched
394648,"Greensboro, NC",NC,259958.4542659772,1750.359418859649,0.21004313026315785,1272.1405811403515,Comfortable,1724.4498652914383,0.20693398383497258,1298.0501347085624,Comfortable
395134,"Stockton, CA",CA,529129.8303744607,2733.9245232339517,0.3280709427880742,288.5754767660487,Stretched,3354.6981988220878,0.4025637838586505,-332.1981988220873,Not Viable
394440,"Cape Coral, FL",FL,353167.50205743563,2143.553589384472,0.25722643072613666,878.9464106155283,Comfortable,2288.974581956564,0.2746769498347877,733.5254180434363,Comfortable
394399,"Boise City, ID",ID,480903.86292430287,2166.8054347826087,0.260016652173913,855.6945652173918,Comfortable,3062.6154959538712,0.3675138595144645,-40.11549595387078,Stretched
394484,"Colorado Springs, CO",CO,454495.5998650412,2221.6534330762693,0.2665984119691523,800.8465669237312,Comfortable,2902.672683808611,0.3483207220570333,119.8273161913894,Stretched
394798,"Little Rock, AR",AR,223962.29728427084,1407.9307467224137,0.16895168960668963,1614.569253277587,Comfortable,1506.4375499355747,0.18077250599226896,1516.0624500644258,Comfortable
394766,"Lakeland, FL",FL,301488.8876633551,2029.3040003729327,0.2435164800447519,993.1959996270675,Comfortable,1975.9807703071112,0.23711769243685332,1046.5192296928894,Comfortable
394304,"Akron, OH",OH,230395.25386889884,1446.5361708351618,0.1735843405002194,1575.9638291648384,Comfortable,1545.399035749498,0.18544788428993975,1477.1009642505028,Comfortable
394531,"Des Moines, IA",IA,296716.7037252011,1683.15645021645,0.20197877402597397,1339.3435497835503,Comfortable,1947.0778274126862,0.23364933928952233,1075.4221725873144,Comfortable
395115,"Springfield, MA",MA,363809.8313292481,2556.630591630592,0.306795670995671,465.8694083694086,Stretched,2353.430319453944,0.28241163833447325,669.0696805460566,Comfortable
394931,"Ogden, UT",UT,511234.28278779145,2233.827816146702,0.2680593379376042,788.6721838532985,Comfortable,3246.313024095976,0.38955756289151705,-223.81302409597538,Stretched
394816,"Madison, WI",WI,447599.8038549352,2823.4353199353195,0.33881223839223834,199.06468006468094,Stretched,2860.907990562358,0.3433089588674829,161.59200943764245,Stretched
395235,"Winston, NC",NC,273774.48071099323,1781.003902817958,0.21372046833815495,1241.4960971820424,Comfortable,1808.1272399574768,0.2169752687948972,1214.3727600425232,Comfortable
394528,"Deltona, FL",FL,327411.4450117874,2059.655592185592,0.24715867106227102,962.844407814408,Comfortable,2132.981884352397,0.2559578261222876,889.5181156476033,Comfortable
395143,"Syracuse, NY",NY,248727.33973323775,2115.304738562092,0.253836568627451,907.1952614379084,Comfortable,1656.4281238440449,0.19877137486128538,1366.0718761559551,Comfortable
395006,"Provo, UT",UT,550535.1954922496,2263.2022144522143,0.2715842657342657,759.2977855477861,Comfortable,3484.340738517046,0.41812088862204544,-461.84073851704534,Not Viable
395160,"Toledo, OH",OH,193419.7949199932,1292.0716836734694,0.1550486020408163,1730.4283163265313,Comfortable,1321.4555347559517,0.1585746641707142,1701.0444652440488,Comfortable
395224,"Wichita, KS",KS,214876.9700620777,1281.0743221723503,0.15372891866068203,1741.42567782765,Comfortable,1451.4118641524337,0.17416942369829203,1571.0881358475667,Comfortable
394549,"Durham, NC",NC,410738.92452235566,2123.173761598435,0.25478085139181217,899.3262384015657,Comfortable,2637.6584460781287,0.3165190135293754,384.84155392187176,Stretched
394352,"Augusta, GA",GA,240165.93097797083,1633.5951603815738,0.19603141924578885,1388.9048396184266,Comfortable,1604.5755734067227,0.1925490688088067,1417.924426593278,Comfortable
394957,"Palm Bay, FL",FL,347213.0580065883,2187.033953570796,0.2624440744284955,835.4660464292047,Comfortable,2252.911228447969,0.2703493474137562,769.5887715520316,Comfortable
394711,"Jackson, MS",MS,204844.7751412372,1618.3126984126984,0.1941975238095238,1404.187301587302,Comfortable,1390.651432312299,0.16687817187747586,1631.8485676877012,Comfortable
394666,"Harrisburg, PA",PA,301320.951567186,1760.0119299305345,0.21120143159166413,1262.4880700694662,Comfortable,1974.9636579199123,0.23699563895038947,1047.5363420800882,Comfortable
395113,"Spokane, WA",WA,411845.5631488271,2082.298899129544,0.24987586789554528,940.2011008704562,Comfortable,2644.3608518194387,0.3173233022183326,378.13914818056173,Stretched
395075,"Scranton, PA",PA,219486.58842957145,1518.744117647059,0.18224929411764706,1503.7558823529412,Comfortable,1479.330221484717,0.17751962657816603,1543.1697785152833,Comfortable
394460,"Chattanooga, TN",TN,315805.492347433,1878.655303030303,0.22543863636363634,1143.8446969696975,Comfortable,2062.6899191975513,0.24752279030370614,959.8100808024487,Comfortable
394871,"Modesto, CA",CA,460945.9662581117,2406.8745098039217,0.28882494117647056,615.6254901960788,Comfortable,2941.7396128966698,0.35300875354760036,80.76038710333069,Stretched
394768,"Lancaster, PA",PA,374465.71946537896,1697.2311926047555,0.20366774311257066,1325.2688073952454,Comfortable,2417.968176812206,0.29015618121746467,604.5318231877945,Comfortable
394997,"Portland, ME",ME,528653.2176737138,2788.725490196078,0.33464705882352935,233.77450980392223,Stretched,3351.811572939479,0.40221738875273744,-329.31157293947854,Not Viable
395245,"Youngstown, OH",OH,162520.27816182355,1224.5661616161617,0.14694793939393938,1797.933838383839,Comfortable,1134.3112461239893,0.13611734953487872,1888.1887538760116,Comfortable
394770,"Lansing, MI",MI,236745.531546775,1792.7120098039215,0.21512544117647056,1229.7879901960791,Comfortable,1583.8597731112675,0.19006317277335208,1438.6402268887327,Comfortable
394590,"Fayetteville, AR",AR,360613.4624096885,1758.44369412824,0.21101324329538879,1264.0563058717603,Comfortable,2334.071369851661,0.2800885643821993,688.4286301483394,Comfortable
394589,"Fayetteville, NC",NC,250991.28653415933,1649.1023682200157,0.19789228418640187,1373.3976317799847,Comfortable,1670.1398176829803,0.20041677812195763,1352.3601823170197,Comfortable
394792,"Lexington, KY",KY,316970.115900172,1854.56626206038,0.2225479514472456,1167.9337379396206,Comfortable,2069.743513207035,0.24836922158484417,952.7564867929655,Comfortable
394971,"Pensacola, FL",FL,295960.24299360585,1900.4781625048392,0.2280573795005807,1122.0218374951614,Comfortable,1942.4962895653352,0.23309955474784022,1080.0037104346652,Comfortable
395068,"Santa Rosa, CA",CA,793742.840411236,3317.0384661835747,0.39804461594202895,-294.5384661835742,Stretched,4957.338586814614,0.5948806304177536,-1934.8385868146138,Not Viable
395019,"Reno, NV",NV,561726.8521462436,2496.497027718255,0.2995796433261906,526.0029722817453,Comfortable,3552.123501578255,0.42625482018939054,-529.6235015782545,Not Viable
394698,"Huntsville, AL",AL,309712.715233896,1729.4152848441038,0.20752983418129245,1293.084715155897,Comfortable,2025.7887453821222,0.24309464944585465,996.7112546178782,Comfortable
394995,"Port St. Lucie, FL",FL,394374.1783742926,2607.5913071495183,0.3129109568579422,414.9086928504821,Stretched,2538.5446379079035,0.3046253565489484,483.95536209209695,Stretched
394761,"Lafayette, LA",LA,193918.6282699256,1587.6709898051363,0.19052051877661635,1434.8290101948646,Comfortable,1324.4767409822373,0.15893720891786847,1698.0232590177634,Comfortable
394898,"Myrtle Beach, SC",SC,358755.5303525095,2063.157682009435,0.2475789218411322,959.3423179905653,Comfortable,2322.8187222491592,0.2787382466698991,699.6812777508412,Comfortable
395116,"Springfield, MO",MO,262216.1855814168,1424.6560512626431,0.17095872615151717,1597.8439487373576,Comfortable,1738.1239147679025,0.20857486977214829,1284.376085232098,Comfortable
395195,"Visalia, CA",CA,355471.8702916482,1961.1248313090416,0.23533497975708498,1061.3751686909586,Comfortable,2302.931089992367,0.27635173079908404,719.5689100076333,Comfortable
394746,"Killeen, TX",TX,249018.76506997948,1513.7521899293931,0.18165026279152716,1508.747810070607,Comfortable,1658.1931542735076,0.1989831785128209,1364.306845726493,Comfortable
394338,"Asheville, NC",NC,425026.3247860521,2222.9276353276355,0.26675131623931625,799.572364672365,Comfortable,2724.190717106045,0.3269028860527254,298.30928289395524,Stretched
395244,"York, PA",PA,302341.2977173669,1467.728977616455,0.1761274773139746,1554.7710223835452,Comfortable,1981.1434294654814,0.23773721153585775,1041.3565705345195,Comfortable
395183,"Vallejo, CA",CA,574901.7721815562,2959.899031642117,0.355187883797054,62.60096835788363,Stretched,3631.9179869447503,0.43583015843337003,-609.4179869447498,Not Viable
753917,"Santa Maria, CA",CA,1024527.3856236791,4864.038800705467,0.583684656084656,-1841.5388007054667,Not Viable,6355.09538278827,0.7626114459345924,-3332.59538278827,Not Viable
395050,"Salinas, CA",CA,840565.7740362097,4037.168033307908,0.4844601639969489,-1014.6680333079075,Not Viable,5240.923753323423,0.6289108503988107,-2218.4237533234223,Not Viable
395048,"Salem, OR",OR,445693.7225077047,2335.2957575757573,0.28023549090909083,687.2042424242431,Comfortable,2849.3637246570415,0.341923646958845,173.13627534295892,Stretched
394870,"Mobile, AL",AL,190863.8981661656,1451.1969696969695,0.17414363636363633,1571.3030303030305,Comfortable,1305.9756331265728,0.15671707597518872,1716.5243668734279,Comfortable
395015,"Reading, PA",PA,303963.14088610734,1787.2242332830567,0.21446690799396678,1235.275766716944,Comfortable,1990.9661942828725,0.2389159433139447,1031.533805717128,Comfortable
394502,"Corpus Christi, TX",TX,214210.2575411398,1921.804526143791,0.2306165431372549,1100.6954738562094,Comfortable,1447.3738903087185,0.1736848668370462,1575.1261096912817,Comfortable
394421,"Brownsville, TX",TX,194881.77208320895,1782.0601503759397,0.21384721804511275,1240.4398496240606,Comfortable,1330.3100640467324,0.15963720768560788,1692.1899359532676,Comfortable
394820,"Manchester, NH",NH,533143.4393790724,2843.28373015873,0.3411940476190476,179.21626984127033,Stretched,3379.0067991116475,0.4054808158933977,-356.50679911164707,Not Viable
394612,"Fort Wayne, IN",IN,246581.3040581574,1411.9326388888887,0.16943191666666663,1610.567361111112,Comfortable,1643.4305639490171,0.19721166767388204,1379.0694360509829,Comfortable
394658,"Gulfport, MS",MS,217233.8183490552,1591.2995486062637,0.19095594583275163,1431.2004513937368,Comfortable,1465.6862199467928,0.17588234639361514,1556.8137800532081,Comfortable
395051,"Salisbury, MD",DE,417276.7007924619,2116.2682252388136,0.2539521870286576,906.2317747611869,Comfortable,2677.2547769489174,0.3212705732338701,345.24522305108303,Stretched
394596,"Flint, MI",MI,181417.44553494884,1059.2267156862745,0.1271072058823529,1963.273284313726,Comfortable,1248.7627753462914,0.14985153304155496,1773.7372246537093,Comfortable
394972,"Peoria, IL",IL,162430.68214746824,1267.9011525757255,0.15214813830908705,1754.5988474242754,Comfortable,1133.768603903983,0.13605223246847795,1888.7313960960178,Comfortable
394439,"Canton, OH",OH,205712.75131090856,1243.8327288207747,0.14925992745849295,1778.6672711792257,Comfortable,1395.9083683379956,0.16750900420055947,1626.5916316620046,Comfortable
395070,"Savannah, GA",GA,347439.9150453214,2155.107662769466,0.2586129195323359,867.3923372305344,Comfortable,2254.2851981274025,0.2705142237752883,768.214801872598,Comfortable
394327,"Anchorage, AK",AK,424210.11004563584,2388.6115779645197,0.28663338935574234,633.8884220354807,Comfortable,2719.247276463863,0.3263096731756635,303.25272353613764,Stretched
394372,"Beaumont, TX",TX,179559.01507497253,1484.821256038647,0.17817855072463765,1537.6787439613531,Comfortable,1237.5071091452241,0.1485008530974269,1784.9928908547759,Comfortable
395096,"Shreveport, LA",LA,173033.5629723395,1263.20025589892,0.15158403070787038,1759.2997441010807,Comfortable,1197.985420139317,0.14375825041671803,1824.5145798606832,Comfortable
395164,"Trenton, NJ",NJ,447850.52923434175,2573.6924019607845,0.3088430882352941,448.8075980392159,Stretched,2862.4265199017727,0.3434911823882127,160.07348009822772,Stretched
394875,"Montgomery, AL",AL,203894.28992824163,1430.4985284248876,0.17165982341098648,1592.0014715751126,Comfortable,1384.8947766198044,0.16618737319437651,1637.605223380196,Comfortable
394520,"Davenport, IA",IL,186709.71530792356,1383.9166666666667,0.16607,1638.5833333333335,Comfortable,1280.8156410808315,0.15369787692969977,1741.684358919169,Comfortable
395146,"Tallahassee, FL",FL,282991.848189028,1649.9791466998915,0.19799749760398697,1372.5208533001091,Comfortable,1863.9526333847095,0.22367431600616514,1158.5473666152907,Comfortable
394576,"Eugene, OR",OR,448819.350055315,2140.0323046129497,0.25680387655355397,882.4676953870508,Comfortable,2868.294226014197,0.34419530712170365,154.20577398580326,Stretched
394901,"Naples, FL",FL,665723.9800413941,3931.719462629569,0.47180633551554824,-909.2194626295686,Not Viable,4181.9867020944685,0.5018384042513362,-1159.486702094468,Not Viable
394332,"Ann Arbor, MI",MI,415160.2104724325,3209.768830678848,0.38517225968146174,-187.26883067884773,Stretched,2664.436159802304,0.3197323391762764,358.06384019769666,Stretched
394927,"Ocala, FL",FL,275208.4086357428,1759.190582010582,0.2111028698412698,1263.3094179894183,Comfortable,1816.8118877960492,0.2180174265355259,1205.6881122039508,Comfortable
394679,"Hickory, NC",NC,260204.0123381909,1713.484935897436,0.2056181923076923,1309.0150641025643,Comfortable,1725.937098606507,0.20711245183278085,1296.5629013934936,Comfortable
394697,"Huntington, WV",OH,159788.87595561848,1170.0833333333333,0.14040999999999998,1852.4166666666674,Comfortable,1117.7683879670617,0.1341322065560474,1904.7316120329383,Comfortable
394602,"Fort Collins, CO",CO,561060.712901729,2441.893726379441,0.2930272471655329,580.6062736205595,Comfortable,3548.088999808529,0.42577067997702345,-525.5889998085286,Not Viable
395033,"Rockford, IL",IL,207986.04053657892,1503.457264957265,0.18041487179487178,1519.0427350427358,Comfortable,1409.6766449852448,0.16916119739822938,1612.8233550147556,Comfortable
394796,"Lincoln, NE",NE,291405.5402352801,1717.0067099567102,0.20604080519480522,1305.49329004329,Comfortable,1914.9105310465864,0.22978926372559036,1107.5894689534139,Comfortable
394622,"Gainesville, FL",FL,310062.354490868,2031.5202821869489,0.24378243386243384,990.9797178130516,Comfortable,2027.906350991813,0.24334876211901754,994.5936490081872,Comfortable
394405,"Boulder, CO",CO,756963.0750205298,3281.6530835284934,0.39379837002341916,-259.15308352849297,Stretched,4734.580312503598,0.5681496375004318,-1712.0803125035977,Not Viable
394646,"Green Bay, WI",WI,328830.8917398521,1528.6690476190477,0.1834402857142857,1493.8309523809526,Comfortable,2141.5788261833527,0.25698945914200233,880.9211738166478,Comfortable
394488,"Columbus, GA",GA,200631.0617999847,1424.6763952892986,0.17096116743471582,1597.8236047107016,Comfortable,1365.1308912656752,0.16381570695188102,1657.3691087343254,Comfortable
395107,"South Bend, IN",IN,219190.7360272076,1354.2407674091144,0.16250889208909372,1668.2592325908859,Comfortable,1477.5383783366908,0.17730460540040288,1544.9616216633099,Comfortable
395109,"Spartanburg, SC",SC,273332.2818795251,1679.7756700065167,0.201573080400782,1342.724329993484,Comfortable,1805.4490431948334,0.21665388518338,1217.050956805167,Comfortable
394645,"Greeley, CO",CO,493719.319435524,2516.466242263484,0.30197594907161807,506.03375773651624,Stretched,3140.2328746027533,0.37682794495233035,-117.73287460275287,Stretched
394808,"Lubbock, TX",TX,206932.7983602617,1435.8602670467078,0.17230323204560494,1586.6397329532924,Comfortable,1403.2976372037733,0.16839571646445278,1619.2023627962267,Comfortable
394471,"Clarksville, TN",TN,293031.3158283086,1561.8022866931317,0.1874162744031758,1460.697713306869,Comfortable,1924.7571127654437,0.23097085353185323,1097.7428872345567,Comfortable
395028,"Roanoke, VA",VA,287876.9208800711,1670.976232247285,0.20051714786967417,1351.5237677527152,Comfortable,1893.5392919993296,0.22722471503991953,1128.9607080006704,Comfortable
394579,"Evansville, IN",IN,215489.0339137117,1135.4873638344227,0.1362584836601307,1887.012636165578,Comfortable,1455.1188559156985,0.1746142627098838,1567.3811440843024,Comfortable
394747,"Kingsport, TN",TN,240178.2840551463,1404.3371212121212,0.16852045454545453,1618.1628787878794,Comfortable,1604.650390364493,0.19255804684373914,1417.849609635507,Comfortable
394741,"Kennewick, WA",WA,434133.30478815007,2207.6287581699344,0.2649154509803921,814.8712418300661,Comfortable,2779.347543907471,0.33352170526889646,243.15245609252952,Stretched
395179,"Utica, NY",NY,218910.65915800352,1761.6666666666667,0.2114,1260.8333333333335,Comfortable,1475.8420804023356,0.17710104964828025,1546.657919597665,Comfortable
394660,"Hagerstown, MD",MD,315467.1825762326,1811.534558823529,0.21738414705882347,1210.9654411764718,Comfortable,2060.6409311190628,0.2472769117342875,961.8590688809377,Comfortable
394543,"Duluth, MN",MN,247543.16013615465,2163.922222222222,0.2596706666666666,858.5777777777785,Comfortable,1649.2560877878498,0.19791073053454195,1373.243912212151,Comfortable
394937,"Olympia, WA",WA,521904.74955420586,2513.138532763533,0.30157662393162393,509.36146723646743,Stretched,3310.93917757275,0.39731270130873,-288.4391775727495,Stretched
394803,"Longview, TX",TX,213802.0248814271,1608.6055555555556,0.19303266666666666,1413.8944444444446,Comfortable,1444.9014111662066,0.17338816933994478,1577.598588833794,Comfortable
395229,"Wilmington, NC",NC,437944.2759267657,2230.2498436522824,0.26762998123827386,792.2501563477181,Comfortable,2802.428859007475,0.33629146308089697,220.07114099252567,Stretched
395061,"San Luis Obispo, CA",CA,905534.9794341256,3418.814102564103,0.4102576923076923,-396.31410256410254,Not Viable,5634.412616671492,0.6761295140005791,-2611.912616671492,Not Viable
753875,"Crestview, FL",FL,400368.4522873311,2070.1313067784763,0.24841575681341713,952.3686932215246,Comfortable,2574.8492227368592,0.3089819067284231,447.6507772631412,Stretched
394851,"Merced, CA",CA,413069.09524124913,2169.9855392156865,0.26039826470588234,852.514460784314,Comfortable,2651.7712280025594,0.31821254736030713,370.7287719974411,Stretched
395197,"Waco, TX",TX,247845.93778134545,1624.331332101806,0.1949197598522167,1398.1686678981946,Comfortable,1651.0898739750692,0.19813078487700828,1371.4101260249313,Comfortable
394447,"Cedar Rapids, IA",IA,242911.2853949584,1361.1922514619882,0.1633430701754386,1661.3077485380122,Comfortable,1621.202933744774,0.19454435204937287,1401.2970662552266,Comfortable
394348,"Atlantic City, NJ",NJ,398262.29049273767,3080.3888888888887,0.3696466666666666,-57.88888888888823,Stretched,2562.093160760945,0.3074511792913134,460.40683923905544,Stretched
394412,"Bremerton, WA",WA,569804.9205330051,2663.855218855219,0.31966262626262626,358.6447811447815,Stretched,3601.0486797159074,0.43212584156590883,-578.5486797159069,Not Viable
395103,"Sioux Falls, SD",SD,334021.3670629623,1777.788888888889,0.21333466666666667,1244.7111111111112,Comfortable,2173.0151693342013,0.26076182032010414,849.4848306657991,Comfortable
395065,"Santa Cruz, CA",CA,1141016.8234911177,4145.821428571428,0.4974985714285714,-1123.321428571428,Not Viable,7060.618810661137,0.8472742572793364,-4038.1188106611366,Not Viable
394572,"Erie, PA",PA,210059.70920829856,1334.8148148148148,0.16017777777777775,1687.6851851851857,Comfortable,1422.2359109266692,0.1706683093112003,1600.2640890733314,Comfortable
394924,"Norwich, CT",CT,411855.94284026464,2536.222222222222,0.30434666666666665,486.2777777777783,Stretched,2644.423716879287,0.3173308460255144,378.07628312071347,Stretched
394323,"Amarillo, TX",TX,210461.690012046,1453.895238095238,0.17446742857142855,1568.6047619047627,Comfortable,1424.6705254272706,0.17096046305127247,1597.8294745727294,Comfortable
394772,"Laredo, TX",TX,213196.68823652292,1586.1111111111113,0.19033333333333335,1436.3888888888891,Comfortable,1441.2351630277628,0.17294821956333153,1581.2648369722378,Comfortable
395171,"Tuscaloosa, AL",AL,213504.6383325828,1883.642857142857,0.22603714285714283,1138.8571428571436,Comfortable,1443.100276392231,0.17317203316706772,1579.399723607769,Comfortable
394483,"College Station, TX",TX,307137.99289573025,2617.4043943818665,0.31408852732582393,405.09560561813396,Stretched,2010.1948257693357,0.24122337909232028,1012.3051742306648,Comfortable
394732,"Kalamazoo, MI",MI,261883.58830031488,1928.7126984126987,0.23144552380952382,1093.7873015873015,Comfortable,1736.1095246381187,0.20833314295657424,1286.3904753618813,Comfortable
394811,"Lynchburg, VA",VA,277460.78917761595,1579.5494458653027,0.1895459335038363,1442.9505541346975,Comfortable,1830.4535300759685,0.21965442360911622,1192.0464699240315,Comfortable
394455,"Charleston, WV",WV,145949.56169760323,1233.0555555555557,0.14796666666666666,1789.4444444444448,Comfortable,1033.9499696325527,0.12407399635590631,1988.5500303674476,Comfortable
395240,"Yakima, WA",WA,347047.0310611844,1910.0454545454547,0.22920545454545455,1112.4545454545455,Comfortable,2251.905678916741,0.27022868147000895,770.5943210832593,Comfortable
394585,"Fargo, ND",ND,321358.3658701818,1968.0357142857144,0.23616428571428572,1054.4642857142858,Comfortable,2096.3211430581423,0.25155853716697707,926.1788569418582,Comfortable
394387,"Binghamton, NY",NY,188027.42460916075,1876.7361111111115,0.22520833333333337,1145.7638888888891,Comfortable,1288.7964056906392,0.1546555686828767,1733.703594309361,Comfortable
394609,"Fort Smith, AR",AR,197466.5975072383,1267.5588235294117,0.1521070588235294,1754.9411764705887,Comfortable,1345.9651734454867,0.1615158208134584,1676.534826554514,Comfortable
394334,"Appleton, WI",WI,332082.29666808114,1781.0555555555557,0.21372666666666668,1241.4444444444448,Comfortable,2161.27110380407,0.2593525324564884,861.2288961959302,Comfortable
395161,"Topeka, KS",KS,211100.7959136825,1202.1105263157897,0.14425326315789475,1820.3894736842108,Comfortable,1428.541298561308,0.17142495582735695,1593.958701438693,Comfortable
394813,"Macon, GA",GA,191217.54820786265,1365.993063468266,0.1639191676161919,1656.5069365317345,Comfortable,1308.1175302311792,0.1569741036277415,1714.382469768821,Comfortable
395174,"Tyler, TX",TX,266463.3129174077,1709.8142639206717,0.2051777116704806,1312.6857360793288,Comfortable,1763.8468291501554,0.21166161949801862,1258.6531708498446,Comfortable
394361,"Barnstable Town, MA",MA,771012.960175578,2841.4814814814818,0.34097777777777777,181.0185185185187,Stretched,4819.674062780682,0.5783608875336818,-1797.1740627806817,Not Viable
394519,"Daphne, AL",AL,349900.48525442765,2023.076380409714,0.24276916564916565,999.4236195902863,Comfortable,2269.1877503263922,0.27230253003916705,753.3122496736082,Comfortable
394378,"Bellingham, WA",WA,624717.4455994363,2703.843915343916,0.3244612698412699,318.65608465608466,Stretched,3933.6288142523144,0.4720354577102777,-911.128814252314,Not Viable
394429,"Burlington, VT",VT,476453.4296821701,3387.962962962963,0.40655555555555556,-365.4629629629626,Not Viable,3035.661250367401,0.36427935004408807,-13.161250367400498,Stretched
395030,"Rochester, MN",MN,330588.9362949122,2089.7727272727275,0.25077272727272726,932.7272727272725,Comfortable,2152.2265007154483,0.25826718008585375,870.2734992845521,Comfortable
753895,"Lafayette, IN",IN,275304.8851737228,1946.792063492064,0.23361504761904767,1075.7079365079367,Comfortable,1817.396202211425,0.21808754426537097,1205.1037977885758,Comfortable
394454,"Champaign, IL",IL,231717.13217303425,1583.3455086580088,0.19000146103896104,1439.1544913419916,Comfortable,1553.405050109578,0.18640860601314935,1469.0949498904224,Comfortable
394848,"Medford, OR",OR,427501.4628434058,2081.607744107744,0.2497929292929293,940.8922558922563,Comfortable,2739.181500121669,0.32870178001460026,283.3184998783313,Stretched
394459,"Charlottesville, VA",VA,468125.5507028912,2394.135602959132,0.2872962723550958,628.3643970408684,Comfortable,2985.22308333755,0.358226770000506,37.276916662450276,Stretched
394763,"Lake Charles, LA",LA,194075.0916010344,1217.8451178451178,0.14614141414141413,1804.6548821548827,Comfortable,1325.4243680608904,0.15905092416730685,1697.0756319391098,Comfortable
394773,"Las Cruces, NM",NM,288049.54337882466,1708.9699074074076,0.2050763888888889,1313.5300925925926,Comfortable,1894.5847877908636,0.2273501745349036,1127.9152122091368,Comfortable
394464,"Chico, CA",CA,393389.7073365061,2048.491704374057,0.24581900452488684,974.0082956259434,Comfortable,2532.5821455657983,0.3039098574678958,489.9178544342021,Stretched
394681,"Hilton Head Island, SC",SC,527758.8575770593,2599.8922222222222,0.31198706666666665,422.6077777777782,Stretched,3346.3948414941574,0.40156738097929884,-323.89484149415694,Not Viable
394346,"Athens, GA",GA,371127.5725990853,2155.424072516588,0.2586508887019905,867.0759274834127,Comfortable,2397.7505428106524,0.2877300651372783,624.749457189348,Comfortable
394765,"Lake Havasu City, AZ",AZ,351261.6955491139,1771.8826326326323,0.21262591591591587,1250.617367367368,Comfortable,2277.4319806252433,0.2732918376750292,745.0680193747571,Comfortable
394485,"Columbia, MO",MO,314897.3645351478,1677.0238095238094,0.2012428571428571,1345.4761904761913,Comfortable,2057.189802974145,0.2468627763568974,965.3101970258554,Comfortable
395114,"Springfield, IL",IL,188917.5370467675,1426.8232323232323,0.17121878787878786,1595.6767676767681,Comfortable,1294.1874110012427,0.15530248932014912,1728.3125889987573,Comfortable
394691,"Houma, LA",LA,175915.5084199595,1326.9444444444443,0.1592333333333333,1695.555555555556,Comfortable,1215.4400500900706,0.14585280601080847,1807.0599499099303,Comfortable
394872,"Monroe, LA",LA,158014.02443952413,982.3809523809524,0.11788571428571427,2040.1190476190482,Comfortable,1107.0189213327974,0.13284227055993567,1915.4810786672028,Comfortable
394565,"Elkhart, IN",IN,252282.77233111925,1413.111111111111,0.16957333333333333,1609.3888888888891,Comfortable,1677.9617584803698,0.20135541101764437,1344.5382415196304,Comfortable
394726,"Johnson City, TN",TN,276083.4719125809,1727.439393939394,0.20729272727272727,1295.0606060606065,Comfortable,1822.111747199466,0.2186534096639359,1200.3882528005347,Comfortable
395247,"Yuma, AZ",AZ,280275.1061193258,1593.705096073517,0.19124461152882205,1428.7949039264836,Comfortable,1847.4985649923128,0.22169982779907751,1175.0014350076876,Comfortable
394623,"Gainesville, GA",GA,388449.863391396,2152.1838888888888,0.2582620666666666,870.3161111111117,Comfortable,2502.6637624306923,0.30031965149168305,519.8362375693082,Stretched
394716,"Jacksonville, NC",NC,280562.889724486,1554.9536540695078,0.18659443848834092,1467.5463459304924,Comfortable,1849.2415391135314,0.22190898469362375,1173.2584608864695,Comfortable
394597,"Florence, SC",SC,185048.4308377585,1343.2380952380952,0.1611885714285714,1679.261904761905,Comfortable,1270.7539982785322,0.15249047979342387,1751.7460017214685,Comfortable
394680,"Hilo, HI",HI,557283.3821919857,2753.702380952381,0.33044428571428575,268.79761904761926,Stretched,3525.2114294524918,0.423025371534299,-502.7114294524913,Not Viable
395118,"St. Cloud, MN",MN,305604.9013545991,1618.361111111111,0.1942033333333333,1404.1388888888891,Comfortable,2000.909589106312,0.24010915069275743,1021.5904108936888,Comfortable
395011,"Racine, WI",WI,302084.5439537336,1628.892857142857,0.19546714285714284,1393.6071428571436,Comfortable,1979.5883889506154,0.23755060667407382,1042.9116110493856,Comfortable
394380,"Bend, OR",OR,666064.0755460927,2599.760101010101,0.3119712121212121,422.7398989898993,Stretched,4184.046505546797,0.5020855806656156,-1161.5465055467962,Not Viable
395047,"Saginaw, MI",MI,162882.83216134235,1194.5,0.14334,1828.0000000000005,Comfortable,1136.507070442591,0.1363808484531109,1885.9929295574098,Comfortable
395202,"Warner Robins, GA",GA,246367.6912869285,1628.3726708074537,0.19540472049689442,1394.1273291925468,Comfortable,1642.13680876096,0.19705641705131519,1380.3631912390406,Comfortable
395151,"Terre Haute, IN",IN,160421.9958034719,983.3333333333334,0.118,2039.1666666666674,Comfortable,1121.60290630185,0.134592348756222,1900.89709369815,Comfortable
395162,"Torrington, CT",CT,428629.5029036538,3211.333333333333,0.3853599999999999,-188.83333333333258,Stretched,2746.013524592331,0.32952162295107973,276.48647540766933,Stretched
395009,"Punta Gorda, FL",FL,309762.2674249877,2024.3439696106363,0.24292127635327634,998.1560303893643,Comfortable,2026.0888604170782,0.24313066325004937,996.4111395829227,Comfortable
394386,"Billings, MT",MT,401732.0376316873,1770.4959150326797,0.21245950980392156,1252.004084967321,Comfortable,2583.107837628985,0.3099729405154782,439.3921623710153,Stretched
395018,"Redding, CA",CA,365211.5156121064,2061.39595959596,0.24736751515151517,961.10404040404,Comfortable,2361.9196822506215,0.28343036187007453,660.580317749379,Comfortable
394748,"Kingston, NY",NY,430191.6321136194,2612.5,0.3135,410.00000000000045,Stretched,2755.474629179766,0.33065695550157187,267.02537082023446,Stretched
394960,"Panama City, FL",FL,320743.8326321256,2042.5218253968253,0.245102619047619,979.9781746031754,Comfortable,2092.5991953468942,0.2511119034416273,929.9008046531058,Comfortable
394729,"Joplin, MO",MO,221450.09285934732,1289.6708333333331,0.15476049999999997,1732.8291666666669,Comfortable,1491.2222728268778,0.17894667273922532,1531.2777271731225,Comfortable
394539,"Dover, DE",DE,362566.3772021001,2005.5059523809523,0.24066071428571426,1016.9940476190482,Comfortable,2345.8992845871912,0.28150791415046295,676.6007154128092,Comfortable
394559,"El Centro, CA",CA,369989.89233905374,2291.666666666667,0.275,730.8333333333335,Comfortable,2390.8601320440193,0.2869032158452823,631.6398679559811,Comfortable
394712,"Jackson, TN",TN,199990.3918373733,1604.5238095238094,0.19254285714285713,1417.9761904761913,Comfortable,1361.250645327231,0.16335007743926772,1661.2493546727696,Comfortable
395246,"Yuba City, CA",CA,422848.8019801886,2449.2444444444445,0.2939093333333333,573.2555555555559,Comfortable,2711.002454012077,0.3253202944814492,311.49754598792333,Stretched
394406,"Bowling Green, KY",KY,258924.44513317672,1609.6962962962964,0.19316355555555556,1412.8037037037043,Comfortable,1718.187343287895,0.20618248119454738,1304.3126567121058,Comfortable
395119,"St. George, UT",UT,536221.3762286514,2020.893137254902,0.24250717647058823,1001.6068627450982,Comfortable,3397.648459648823,0.40771781515785877,-375.1484596488226,Not Viable
394896,"Muskegon, MI",MI,237347.8888165704,1425.1428571428569,0.1710171428571428,1597.3571428571436,Comfortable,1587.5079765327123,0.19050095718392546,1434.9920234672886,Comfortable
394299,"Abilene, TX",TX,198667.76631198343,1620.878787878788,0.19450545454545454,1401.6212121212125,Comfortable,1353.2401053886051,0.1623888126466326,1669.2598946113953,Comfortable
394707,"Iowa City, IA",IA,324384.32437618525,2515.765625,0.301891875,506.73437500000045,Stretched,2114.6479944606363,0.25375775933527633,907.8520055393642,Comfortable
394351,"Auburn, AL",AL,339875.69105676474,1947.1022727272727,0.2336522727272727,1075.3977272727275,Comfortable,2208.472141293205,0.26501665695518456,814.0278587067955,Comfortable
394860,"Midland, TX",TX,322882.5922798936,2519.197712418301,0.3023037254901961,503.3022875816996,Stretched,2105.552687660992,0.25266632251931903,916.9473123390085,Comfortable
753869,"Bloomington, IL",IL,253929.3798987184,1950.6785714285716,0.23408142857142858,1071.821428571429,Comfortable,1687.9345099737368,0.2025521411968484,1334.565490026264,Comfortable
394671,"Hattiesburg, MS",MS,209476.95670916795,1420.8333333333333,0.17049999999999998,1601.6666666666674,Comfortable,1418.7064446650502,0.170244773359806,1603.7935553349503,Comfortable
394944,"Oshkosh, WI",WI,288167.9719221222,1404.8027777777777,0.1685763333333333,1617.6972222222225,Comfortable,1895.3020554964592,0.22743624665957507,1127.1979445035417,Comfortable
394555,"Eau Claire, WI",WI,310521.6458454383,1393.3597883597884,0.1672031746031746,1629.1402116402119,Comfortable,2030.6880693759085,0.243682568325109,991.8119306240919,Comfortable
394651,"Greenville, NC",NC,254953.87307551803,1767.6356981981985,0.2121162837837838,1254.8643018018015,Comfortable,1694.1393981692704,0.20329672778031244,1328.3606018307296,Comfortable
394428,"Burlington, NC",NC,289370.9799476157,1709.863834422658,0.20518366013071895,1312.6361655773421,Comfortable,1902.5881267613115,0.22831057521135736,1119.9118732386892,Comfortable
395210,"Waterloo, IA",IA,202298.17224161985,1263.5835913312694,0.15163003095975233,1758.916408668731,Comfortable,1375.227819321621,0.1650273383185945,1647.2721806783798,Comfortable
394480,"Coeur d'Alene, ID",ID,581123.3175174333,2258.4864811912225,0.2710183777429467,764.0135188087779,Comfortable,3669.5990511887853,0.4403518861426542,-647.0990511887849,Not Viable
394553,"East Stroudsburg, PA",PA,305822.5264054556,2124.2992424242425,0.25491590909090905,898.200757575758,Comfortable,2002.2276448432278,0.2402673173811873,1020.2723551567728,Comfortable
395007,"Pueblo, CO",CO,282511.52785067447,1539.1357466063348,0.18469628959276016,1483.3642533936659,Comfortable,1861.0435520311037,0.2233252262437324,1161.4564479688966,Comfortable
394392,"Blacksburg, VA",VA,276336.84269405,1919.436438690309,0.23033237264283707,1103.0635613096915,Comfortable,1823.6462985333674,0.21883755582400408,1198.853701466633,Comfortable
395215,"Wausau, WI",WI,252003.13749767025,1472.5,0.1767,1550.0000000000005,Comfortable,1676.2681377550975,0.20115217653061168,1346.2318622449025,Comfortable
394731,"Kahului, HI",HI,1087924.8009371343,3954.444444444445,0.47453333333333336,-931.9444444444443,Not Viable,6739.064630035632,0.8086877556042757,-3716.5646300356316,Not Viable
394720,"Janesville, WI",WI,279872.17777601624,1421.9444444444443,0.1706333333333333,1600.555555555556,Comfortable,1845.0582116764836,0.221406985401178,1177.441788323517,Comfortable
395170,"Tupelo, MS",MS,178700.59114988986,1383.8888888888887,0.16606666666666664,1638.6111111111118,Comfortable,1232.308026710973,0.14787696320531676,1790.1919732890278,Comfortable
394393,"Bloomington, IN",IN,301620.4406201699,2207.5635906536527,0.2649076308784383,814.9364093463478,Comfortable,1976.777526603115,0.23721330319237377,1045.7224733968856,Comfortable
394930,"Odessa, TX",TX,245443.11152833945,2207.308080808081,0.26487696969696967,815.1919191919196,Comfortable,1636.5370505977871,0.19638444607173444,1385.9629494022133,Comfortable
394710,"Jackson, MI",MI,214133.0041849689,1259.8888888888887,0.15118666666666664,1762.6111111111118,Comfortable,1446.9060019434023,0.17362872023320827,1575.5939980565986,Comfortable
395125,"State College, PA",PA,336355.8817611514,2055.452380952381,0.24665428571428571,967.0476190476188,Comfortable,2187.154260761188,0.26245851129134257,835.3457392388123,Comfortable
395079,"Sebastian, FL",FL,370878.459753438,2335.776924951267,0.28029323099415204,686.7230750487333,Comfortable,2396.2417798532047,0.28754901358238455,626.2582201467958,Comfortable
394814,"Madera, CA",CA,416948.9842914063,2433.560606060606,0.2920272727272727,588.9393939393944,Comfortable,2675.2699474791552,0.3210323936974986,347.2300525208452,Stretched
394523,"Decatur, AL",AL,226295.15698148837,1359.2222222222224,0.16310666666666668,1663.2777777777778,Comfortable,1520.5666177760459,0.18246799413312548,1501.9333822239546,Comfortable
394453,"Chambersburg, PA",PA,279668.5515717882,1467.3809523809523,0.17608571428571426,1555.1190476190482,Comfortable,1843.8249405727531,0.22125899286873035,1178.6750594272476,Comfortable
394703,"Idaho Falls, ID",ID,397621.1840183037,1826.5446318387492,0.21918535582064988,1195.955368161251,Comfortable,2558.210271069359,0.30698523252832305,464.28972893064156,Stretched
394639,"Grand Junction, CO",CO,428417.0827001048,1991.873015873016,0.23902476190476188,1030.6269841269846,Comfortable,2744.726992243125,0.329367239069175,277.77300775687536,Stretched
394563,"Elizabethtown, KY",KY,247068.36401949928,1619.003663003663,0.19428043956043953,1403.4963369963375,Comfortable,1646.3804641270624,0.19756565569524748,1376.1195358729378,Comfortable
394917,"Niles, MI",MI,259974.94952541197,1890.7777777777776,0.2268933333333333,1131.722222222223,Comfortable,1724.5497695590968,0.2069459723470916,1297.9502304409039,Comfortable
394873,"Monroe, MI",MI,254646.53327446987,1497.0,0.17964,1525.5000000000005,Comfortable,1692.2779810835084,0.203073357730021,1330.2220189164923,Comfortable
395066,"Santa Fe, NM",NM,558239.7260732775,2637.799145299145,0.3165358974358974,384.7008547008554,Stretched,3531.003568428405,0.42372042821140854,-508.5035684284044,Not Viable
394493,"Concord, NH",NH,484318.1717710841,3175.0,0.38099999999999995,-152.49999999999955,Stretched,3083.294408355689,0.36999532900268267,-60.794408355688574,Stretched
394314,"Alexandria, LA",LA,163957.99773202164,1089.2857142857144,0.13071428571428573,1933.2142857142858,Comfortable,1143.018858230766,0.1371622629876919,1879.481141769235,Comfortable
394359,"Bangor, ME",ME,270854.9078669781,1772.1666666666667,0.21266,1250.3333333333335,Comfortable,1790.4447180177788,0.21485336616213344,1232.055281982222,Comfortable
394685,"Homosassa Springs, FL",FL,273354.57744934416,1748.9105263157896,0.20986926315789475,1273.5894736842106,Comfortable,1805.5840772986376,0.2166700892758365,1216.915922701363,Comfortable
394662,"Hanford, CA",CA,354468.718383787,2095.4558404558406,0.25145470085470084,927.0441595441594,Comfortable,2296.8554561351857,0.2756226547362223,725.6445438648148,Comfortable
394723,"Jefferson City, MO",MO,259813.17888003643,1591.6666666666667,0.191,1430.8333333333335,Comfortable,1723.5699984970674,0.20682839981964807,1298.9300015029335,Comfortable
394598,"Florence, AL",AL,204607.66792219717,1459.3888888888887,0.17512666666666662,1563.1111111111118,Comfortable,1389.2153819629027,0.16670584583554832,1633.2846180370975,Comfortable
394537,"Dothan, AL",AL,189677.4510260661,1322.5132275132275,0.1587015873015873,1699.9867724867731,Comfortable,1298.7898635959007,0.15585478363150806,1723.7101364040996,Comfortable
394306,"Albany, GA",GA,162544.1908907535,1113.0128205128206,0.13356153846153845,1909.4871794871801,Comfortable,1134.4560746234083,0.136134728954809,1888.0439253765921,Comfortable
395102,"Sioux City, IA",IA,213945.7801701848,1300.0,0.156,1722.5000000000005,Comfortable,1445.7720714248183,0.17349264857097818,1576.7279285751824,Comfortable
395223,"Wichita Falls, TX",TX,169863.3662767876,1296.9254017396431,0.15563104820875717,1725.574598260357,Comfortable,1178.7849837682338,0.14145419805218803,1843.715016231767,Comfortable
395182,"Valdosta, GA",GA,215868.6742289886,1428.838801549328,0.17146065618591935,1593.6611984506721,Comfortable,1457.4181642606977,0.1748901797112837,1565.0818357393023,Comfortable
394800,"Logan, UT",UT,455000.4872216512,1713.5059523809523,0.20562071428571427,1308.9940476190482,Comfortable,2905.730556393854,0.3486876667672624,116.76944360614652,Stretched
394595,"Flagstaff, AZ",AZ,632165.0602806583,2484.805194805195,0.2981766233766234,537.6948051948057,Comfortable,3978.7356216639146,0.4774482745996697,-956.2356216639141,Not Viable
395036,"Rocky Mount, NC",NC,193705.1486797768,1295.5976430976432,0.15547171717171718,1726.902356902357,Comfortable,1323.1837924112767,0.1587820550893532,1699.3162075887235,Comfortable
395000,"Pottsville, PA",PA,155706.8786984351,1272.5,0.1527,1750.0000000000005,Comfortable,1093.0455912038653,0.13116547094446382,1929.4544087961353,Comfortable
394515,"Dalton, GA",GA,244841.342665399,1747.5,0.2097,1275.0000000000005,Comfortable,1632.8924108884596,0.19594708930661514,1389.607589111541,Comfortable
394783,"Lebanon, PA",PA,302256.76785776776,1647.6587301587304,0.19771904761904763,1374.8412698412699,Comfortable,1980.6314706356181,0.23767577647627416,1041.8685293643825,Comfortable
394880,"Morristown, TN",TN,285340.1818368689,1675.6666666666667,0.20107999999999998,1346.8333333333335,Comfortable,1878.1754198908934,0.2253810503869072,1144.3245801091075,Comfortable
395232,"Winchester, VA",VA,377769.6115284697,2048.686147186147,0.24584233766233762,973.8138528138538,Comfortable,2437.9783450845116,0.29255740141014136,584.5216549154889,Comfortable
395221,"Wheeling, WV",OH,136532.78898666074,976.6666666666666,0.11719999999999998,2045.8333333333335,Comfortable,976.9168696009068,0.1172300243521088,2045.583130399094,Comfortable
394879,"Morgantown, WV",WV,215701.2579125673,1965.8822055137848,0.23590586466165417,1056.617794486216,Comfortable,1456.4041999425094,0.17476850399310112,1566.0958000574906,Comfortable
394756,"La Crosse, WI",WI,314961.9159650007,1757.0833333333333,0.21084999999999998,1265.4166666666674,Comfortable,2057.580761561444,0.24690969138737326,964.9192384385565,Comfortable
394900,"Napa, CA",CA,886499.577861907,3620.5432900432897,0.43446519480519474,-598.0432900432893,Not Viable,5519.123865914096,0.6622948639096915,-2496.623865914096,Not Viable
395013,"Rapid City, SD",SD,360888.9940622137,1906.0158730158728,0.2287219047619047,1116.4841269841277,Comfortable,2335.740139480357,0.28028881673764283,686.7598605196436,Comfortable
395139,"Sumter, SC",SC,202659.97388993023,1519.0081196581198,0.18228097435897436,1503.491880341881,Comfortable,1377.4190869918837,0.16529029043902602,1645.0809130081166,Comfortable
394577,"Eureka, CA",CA,421224.1867475077,2220.0,0.26639999999999997,802.5000000000005,Comfortable,2701.1629000669395,0.32413954800803274,321.3370999330609,Stretched
395117,"Springfield, OH",OH,193759.06149637044,1359.1666666666667,0.1631,1663.3333333333335,Comfortable,1323.510317767273,0.15882123813207275,1698.9896822327278,Comfortable
394668,"Harrisonburg, VA",VA,344180.66871299007,1796.9832944832945,0.21563799533799533,1225.5167055167062,Comfortable,2234.545428696244,0.2681454514435493,787.9545713037564,Comfortable
394368,"Battle Creek, MI",MI,179074.0488043077,1676.1666666666667,0.20113999999999999,1346.3333333333335,Comfortable,1234.5698894972804,0.14814838673967365,1787.9301105027203,Comfortable
395094,"Sherman, TX",TX,287658.64757903124,1618.179292929293,0.19418151515151516,1404.3207070707072,Comfortable,1892.2173101065332,0.22706607721278396,1130.2826898934677,Comfortable
394821,"Manhattan, KS",KS,259452.73180066503,1524.6388888888887,0.18295666666666663,1497.8611111111118,Comfortable,1721.3869348334395,0.20656643218001272,1301.1130651665612,Comfortable
394442,"Carbondale, IL",IL,145794.34876073748,1075.4571428571428,0.12905485714285714,1947.0428571428579,Comfortable,1033.0099156218848,0.12396118987462618,1989.4900843781156,Comfortable
394727,"Johnstown, PA",PA,109973.10165174612,912.4,0.10948799999999999,2110.100000000001,Comfortable,816.0569496390272,0.09792683395668325,2206.4430503609733,Comfortable
394728,"Jonesboro, AR",AR,197831.74635389275,1529.9277389277388,0.18359132867132863,1492.5722610722619,Comfortable,1348.1767135704258,0.16178120562845108,1674.3232864295746,Comfortable
394390,"Bismarck, ND",ND,354177.820986026,1712.5,0.2055,1310.0000000000005,Comfortable,2295.0936231914884,0.2754112347829786,727.406376808512,Comfortable
394661,"Hammond, LA",LA,218179.8849143205,1512.9563492063492,0.18155476190476189,1509.5436507936515,Comfortable,1471.416113904058,0.17656993366848694,1551.0838860959425,Comfortable
394983,"Pittsfield, MA",MA,377301.2745042956,2685.0,0.3222,337.50000000000045,Stretched,2435.141841202751,0.2922170209443301,587.3581587972494,Comfortable
394890,"Mount Vernon, WA",WA,576656.6426061412,2493.333333333333,0.29919999999999997,529.1666666666674,Comfortable,3642.5464372153647,0.43710557246584375,-620.0464372153642,Not Viable
395153,"The Villages, FL",FL,389811.3729787514,2179.3290043290044,0.2615194805194805,843.170995670996,Comfortable,2510.9098054088195,0.3013091766490583,511.590194591181,Stretched
394307,"Albany, OR",OR,404023.0628547997,2152.4666666666667,0.25829599999999997,870.0333333333338,Comfortable,2596.9835331284585,0.311638023975415,425.516466871542,Stretched
394780,"Lawton, OK",OK,149270.56037730773,1172.3907407407407,0.1406868888888889,1850.10925925926,Comfortable,1054.0637448842858,0.1264876493861143,1968.4362551157142,Comfortable
394474,"Cleveland, TN",TN,302371.6533427639,1506.4814814814815,0.18077777777777776,1516.0185185185187,Comfortable,1981.3272796520507,0.23775927355824608,1041.17272034795,Comfortable
395098,"Sierra Vista, AZ",AZ,258114.59392141216,1600.3472222222224,0.19204166666666667,1422.1527777777778,Comfortable,1713.282443638183,0.20559389323658195,1309.217556361817,Comfortable
394325,"Ames, IA",IA,281789.10966233286,1554.3055555555557,0.18651666666666666,1468.1944444444448,Comfortable,1856.6681943512385,0.2228001833221486,1165.831805648762,Comfortable
394824,"Mansfield, OH",OH,185869.01099901323,1221.0,0.14651999999999998,1801.5000000000005,Comfortable,1275.7238782849215,0.15308686539419056,1746.7761217150787,Comfortable
395128,"Staunton, VA",VA,318575.5087385233,1644.79797979798,0.19737575757575757,1377.7020202020208,Comfortable,2079.4666458715183,0.24953599750458216,943.0333541284822,Comfortable
394353,"Augusta, ME",ME,308861.61544924846,1853.3333333333333,0.2224,1169.1666666666674,Comfortable,2020.634021928055,0.24247608263136658,1001.8659780719449,Comfortable
394321,"Altoona, PA",PA,166290.3719994557,1218.75,0.14625,1803.7500000000005,Comfortable,1157.144986044303,0.13885739832531635,1865.3550139556978,Comfortable
394905,"New Bern, NC",NC,253552.1688961833,1587.0673076923076,0.19044807692307691,1435.4326923076928,Comfortable,1685.6499148687042,0.2022779897842445,1336.850085131296,Comfortable
394588,"Farmington, NM",NM,259738.8697121068,1628.928571428571,0.19547142857142852,1393.5714285714298,Comfortable,1723.1199417379323,0.20677439300855185,1299.3800582620684,Comfortable
395120,"St. Joseph, MO",MO,202861.67665224723,1004.9166666666666,0.12058999999999999,2017.5833333333335,Comfortable,1378.6407086846868,0.16543688504216242,1643.8592913153138,Comfortable
395054,"San Angelo, TX",TX,241927.7295656953,1585.448717948718,0.19025384615384613,1437.0512820512827,Comfortable,1615.2459844035327,0.19382951812842392,1407.2540155964675,Comfortable
395218,"Wenatchee, WA",WA,527074.4067449799,2455.555555555555,0.2946666666666666,566.9444444444453,Comfortable,3342.249434785194,0.40106993217422326,-319.74943478519344,Not Viable
394949,"Owensboro, KY",KY,202018.5988137921,1560.5555555555557,0.18726666666666666,1461.9444444444448,Comfortable,1373.5345705022073,0.16482414846026486,1648.9654294977931,Comfortable
394778,"Lawrence, KS",KS,324953.85953583976,1946.84649122807,0.23362157894736837,1075.6535087719308,Comfortable,2118.097409321671,0.2541716891186005,904.4025906783295,Comfortable
394635,"Goldsboro, NC",NC,176306.9291888315,1442.0370370370372,0.17304444444444445,1580.462962962963,Comfortable,1217.810707272823,0.14613728487273875,1804.689292727177,Comfortable
395213,"Watertown, NY",NY,217090.40763028583,1681.9444444444443,0.2018333333333333,1340.555555555556,Comfortable,1464.8176465915415,0.17577811759098497,1557.6823534084592,Comfortable
395089,"Sheboygan, WI",WI,309391.3401942383,1253.3333333333333,0.15039999999999998,1769.1666666666674,Comfortable,2023.8423232535329,0.24286107879042393,998.6576767464671,Comfortable
395217,"Weirton, WV",OH,126878.09168962028,993.0555555555557,0.11916666666666667,2029.4444444444448,Comfortable,918.4427688001606,0.11021313225601927,2104.05723119984,Comfortable
394867,"Missoula, MT",MT,562921.6746905729,2335.9206349206347,0.28031047619047617,686.5793650793657,Comfortable,3559.359997114737,0.4271231996537684,-536.8599971147364,Not Viable
394407,"Bozeman, MT",MT,731056.8096703491,2609.777777777778,0.3131733333333333,412.7222222222226,Stretched,4577.677871665634,0.549321344599876,-1555.1778716656331,Not Viable
394333,"Anniston, AL",AL,167122.77645238055,1216.388888888889,0.14596666666666666,1806.1111111111118,Comfortable,1162.1864803956835,0.139462377647482,1860.3135196043172,Comfortable
394374,"Beckley, WV",WV,144685.9540069937,1093.6666666666667,0.13124,1928.8333333333335,Comfortable,1026.2968738181503,0.12315562485817802,1996.2031261818506,Comfortable
395225,"Williamsport, PA",PA,224602.47003643436,1812.5,0.21749999999999997,1210.0000000000005,Comfortable,1510.3147844969708,0.1812377741396365,1512.1852155030297,Comfortable
394423,"Brunswick, GA",GA,306985.9779080544,2078.6,0.24943199999999996,943.9000000000001,Comfortable,2009.2741402792471,0.24111289683350964,1013.2258597207533,Comfortable
753872,"California, MD",MD,425846.5384346224,2374.123931623932,0.28489487179487183,648.3760683760684,Comfortable,2729.158377312165,0.3274990052774598,293.3416226878353,Stretched
395173,"Twin Falls, ID",ID,371364.1556537387,1871.1111111111115,0.22453333333333336,1151.3888888888891,Comfortable,2399.183418535279,0.28790201022423345,623.3165814647214,Comfortable
394495,"Cookeville, TN",TN,285761.1529970598,1758.6931216931216,0.21104317460317457,1263.8068783068788,Comfortable,1880.7250503244395,0.2256870060389327,1141.774949675561,Comfortable
394893,"Muncie, IN",IN,159689.65702213248,1305.076923076923,0.15660923076923075,1717.4230769230776,Comfortable,1117.167464112123,0.13406009569345476,1905.3325358878778,Comfortable
394857,"Michigan City, IN",IN,246788.40639617815,1479.1666666666667,0.1775,1543.3333333333335,Comfortable,1644.6848884106662,0.19736218660927993,1377.8151115893347,Comfortable
395039,"Roseburg, OR",OR,339426.3877439168,1590.888888888889,0.19090666666666667,1431.6111111111118,Comfortable,2205.750915925152,0.26469010991101827,816.7490840748483,Comfortable
394804,"Longview, WA",WA,412674.2119591865,1925.7936507936508,0.23109523809523808,1096.7063492063494,Comfortable,2649.379599955667,0.31792555199468,373.12040004433356,Stretched
394734,"Kankakee, IL",IL,211146.61984981693,1629.5833333333333,0.19554999999999997,1392.9166666666674,Comfortable,1428.8188332553714,0.17145825999064454,1593.6811667446295,Comfortable
395095,"Show Low, AZ",AZ,391670.9164391845,2172.9166666666665,0.26075,849.5833333333339,Comfortable,2522.1722125463343,0.3026606655055601,500.32778745366613,Stretched
395023,"Richmond, KY",KY,256678.68239427227,1463.8416666666665,0.17566099999999996,1558.6583333333342,Comfortable,1704.5857820240826,0.2045502938428899,1317.9142179759178,Comfortable
395168,"Tullahoma, TN",TN,309017.6588622705,1686.1111111111113,0.20233333333333334,1336.3888888888891,Comfortable,2021.5791057542601,0.2425894926905112,1000.9208942457403,Comfortable
395222,"Whitewater, WI",WI,402242.3725240847,2209.444444444445,0.26513333333333333,813.0555555555557,Comfortable,2586.198703455439,0.3103438444146527,436.3012965445614,Stretched
394709,"Ithaca, NY",NY,342432.2851217895,2547.777777777778,0.3057333333333333,474.7222222222226,Stretched,2223.956266218662,0.26687475194623944,798.5437337813382,Comfortable
394637,"Grand Forks, ND",MN,265423.3295508911,1567.6666666666667,0.18811999999999998,1454.8333333333335,Comfortable,1757.548123936121,0.21090577487233453,1264.951876063879,Comfortable
394524,"Decatur, IL",IL,118300.86569002898,1106.4583333333333,0.13277499999999998,1916.0416666666674,Comfortable,866.494420523656,0.1039793304628387,2156.0055794763443,Comfortable
394762,"LaGrange, GA",GA,196157.1417092552,1367.876984126984,0.16414523809523807,1654.6230158730164,Comfortable,1338.0343965428428,0.16056412758514113,1684.4656034571576,Comfortable
394369,"Bay City, MI",MI,172911.67128733956,1105.8333333333333,0.13269999999999998,1916.6666666666674,Comfortable,1197.247177762972,0.14366966133155662,1825.2528222370288,Comfortable
394620,"Gadsden, AL",AL,181243.12163146795,943.888888888889,0.11326666666666667,2078.6111111111118,Comfortable,1247.7069749218444,0.14972483699062133,1774.793025078156,Comfortable
394733,"Kalispell, MT",MT,636752.8665187751,2713.703703703704,0.32564444444444446,308.79629629629653,Stretched,4006.5218728707923,0.48078262474449507,-984.0218728707919,Not Viable
394518,"Danville, VA",VA,160955.6825699103,1252.9166666666667,0.15035,1769.5833333333335,Comfortable,1124.835203785305,0.1349802244542366,1897.664796214695,Comfortable
394823,"Mankato, MN",MN,298459.7853985052,1790.888888888889,0.21490666666666666,1231.6111111111118,Comfortable,1957.6348785902478,0.23491618543082973,1064.8651214097522,Comfortable
394794,"Lima, OH",OH,183895.2360863847,1378.5,0.16541999999999998,1644.0000000000005,Comfortable,1263.769623309532,0.15165235479714384,1758.7303766904683,Comfortable
395166,"Truckee, CA",CA,599984.0445655204,2711.999481999482,0.32543993783993785,310.50051800051824,Stretched,3783.82987797227,0.45405958535667235,-761.3298779722695,Not Viable
395080,"Sebring, FL",FL,234022.79815762755,1611.248015873016,0.19334976190476189,1411.2519841269846,Comfortable,1567.3694180279062,0.18808433016334875,1455.1305819720942,Comfortable
394462,"Cheyenne, WY",WY,378048.412780509,1868.010989010989,0.22416131868131867,1154.4890109890116,Comfortable,2439.6669171871413,0.29276003006245693,582.8330828128592,Comfortable
394689,"Hot Springs, AR",AR,238957.21720257515,1531.815476190476,0.1838178571428571,1490.6845238095243,Comfortable,1597.2549450154622,0.19167059340185547,1425.2450549845385,Comfortable
395090,"Shelby, NC",NC,202447.4742242716,1269.9305555555557,0.15239166666666668,1752.5694444444448,Comfortable,1376.1320733768987,0.16513584880522783,1646.3679266231015,Comfortable
394542,"Dubuque, IA",IA,265434.5741494517,1502.6666666666667,0.18032,1519.8333333333335,Comfortable,1757.6162273441787,0.21091394728130142,1264.8837726558218,Comfortable
753912,"Pinehurst, NC",NC,413243.1559377066,2135.212121212121,0.2562254545454545,887.2878787878794,Comfortable,2652.8254343020385,0.3183390521162446,369.67456569796195,Stretched
395038,"Rome, GA",GA,228126.78047234117,1365.4047619047622,0.16384857142857145,1657.095238095238,Comfortable,1531.6599263840715,0.18379919116608856,1490.8400736159288,Comfortable
395086,"Sevierville, TN",TN,398665.08947243687,1943.555555555556,0.23322666666666672,1078.944444444444,Comfortable,2564.532730580352,0.3077439276696422,457.96726941964835,Stretched
394882,"Moses Lake, WA",WA,356589.0306627266,1912.484126984127,0.22949809523809522,1110.0158730158732,Comfortable,2309.697221144823,0.27716366653737873,712.8027788551776,Comfortable
394441,"Cape Girardeau, MO",MO,221855.18798871612,1350.138888888889,0.16201666666666667,1672.3611111111118,Comfortable,1493.6757493782209,0.17924108992538648,1528.8242506217798,Comfortable
394311,"Albertville, AL",AL,233246.33759153212,1529.1666666666667,0.1835,1493.3333333333335,Comfortable,1562.6667502991536,0.1875200100358984,1459.8332497008473,Comfortable
394580,"Fairbanks, AK",AK,297469.31124598015,2147.047619047619,0.25764571428571426,875.4523809523816,Comfortable,1951.6360281184636,0.23419632337421561,1070.863971881537,Comfortable
394410,"Brainerd, MN",MN,343589.84275319683,1309.1666666666663,0.15709999999999993,1713.3333333333344,Comfortable,2230.9670651633724,0.2677160478196047,791.5329348366281,Comfortable
394513,"Cumberland, MD",MD,160518.73069518566,1116.6666666666667,0.134,1905.8333333333335,Comfortable,1122.1887854480306,0.13466265425376367,1900.3112145519704,Comfortable
394505,"Corvallis, OR",OR,552070.1092810634,2369.8131868131863,0.2843775824175823,652.6868131868141,Comfortable,3493.6370117036813,0.4192364414044417,-471.13701170368086,Not Viable
394988,"Pocatello, ID",ID,339789.9547553675,1679.111111111111,0.2014933333333333,1343.3888888888891,Comfortable,2207.9528755952815,0.2649543450714338,814.5471244047189,Comfortable
394501,"Corning, NY",NY,163754.40722552818,1471.25,0.17654999999999998,1551.2500000000005,Comfortable,1141.7858033319424,0.13701429639983306,1880.7141966680579,Comfortable
395140,"Sunbury, PA",PA,158431.30537532087,1031.111111111111,0.12373333333333332,1991.3888888888891,Comfortable,1109.5462017592367,0.13314554421110839,1912.9537982407642,Comfortable
395175,"Ukiah, CA",CA,483190.76349094696,2100.0,0.252,922.5000000000005,Comfortable,3076.4662102891853,0.3691759452347022,-53.9662102891848,Stretched
753887,"Hermiston, OR",OR,303850.1932734132,1730.138888888889,0.20761666666666664,1292.3611111111118,Comfortable,1990.2821220756678,0.2388338546490801,1032.2178779243327,Comfortable
394964,"Parkersburg, WV",WV,166733.23512654923,1345.0,0.1614,1677.5000000000005,Comfortable,1159.8272061427558,0.1391792647371307,1862.6727938572444,Comfortable
394980,"Pine Bluff, AR",AR,95150.20828186862,899.1666666666666,0.10789999999999998,2123.3333333333335,Comfortable,726.281440951186,0.08715377291414232,2296.2185590488148,Comfortable
394641,"Grants Pass, OR",OR,385887.03022144985,1795.2777777777776,0.2154333333333333,1227.222222222223,Comfortable,2487.141850090586,0.2984570220108703,535.3581499094144,Comfortable
394511,"Cullman, AL",AL,248766.6475612877,1578.611111111111,0.18943333333333331,1443.8888888888891,Comfortable,1656.6661934415615,0.19879994321298736,1365.833806558439,Comfortable
394809,"Lufkin, TX",TX,196929.4184444802,1400.0,0.16799999999999998,1622.5000000000005,Comfortable,1342.711724715054,0.1611254069658065,1679.788275284946,Comfortable
394925,"Oak Harbor, WA",WA,633789.1060947952,2490.8796296296296,0.29890555555555554,531.6203703703709,Comfortable,3988.571726900479,0.47862860722805745,-966.0717269004786,Not Viable
394942,"Orangeburg, SC",SC,154753.11694741226,1183.3333333333333,0.142,1839.1666666666674,Comfortable,1087.269091014025,0.130472290921683,1935.230908985976,Comfortable
394644,"Great Falls, MT",MT,332024.53198666614,1851.8055555555557,0.22221666666666667,1170.6944444444448,Comfortable,2160.9212494585777,0.2593105499350293,861.5787505414228,Comfortable
395042,"Russellville, AR",AR,192980.5191641712,1050.0,0.126,1972.5000000000005,Comfortable,1318.7950417301233,0.15825540500761479,1703.704958269877,Comfortable
394859,"Midland, MI",MI,228607.8041436157,1726.8611111111113,0.20722333333333334,1295.6388888888891,Comfortable,1534.5732675045926,0.1841487921005511,1487.9267324954076,Comfortable
394755,"Kokomo, IN",IN,184288.80043978037,1135.984126984127,0.13631809523809524,1886.5158730158732,Comfortable,1266.1532632066724,0.15193839158480069,1756.3467367933285,Comfortable
394395,"Bloomsburg, PA",PA,238340.37087563923,1457.5833333333333,0.17490999999999998,1564.9166666666674,Comfortable,1593.5189879792042,0.19122227855750448,1428.9810120207962,Comfortable
394675,"Helena, MT",MT,464506.7061963554,2140.833333333333,0.25689999999999996,881.6666666666674,Comfortable,2963.3053916744193,0.3555966470009303,59.19460832558116,Stretched
394744,"Key West, FL",FL,987738.3274976792,4381.018518518518,0.5257222222222222,-1358.5185185185178,Not Viable,6132.280826615322,0.7358736991938386,-3109.780826615322,Not Viable
395145,"Talladega, AL",AL,174460.06625145345,1168.638888888889,0.14023666666666665,1853.8611111111118,Comfortable,1206.6251002835172,0.14479501203402206,1815.8748997164835,Comfortable
395133,"Stillwater, OK",OK,232761.62352205988,1596.388888888889,0.19156666666666666,1426.1111111111118,Comfortable,1559.7310581188767,0.1871677269742652,1462.7689418811237,Comfortable
394489,"Columbus, IN",IN,268417.72879453213,1686.607142857143,0.20239285714285712,1335.8928571428573,Comfortable,1775.6838352715781,0.21308206023258935,1246.8161647284219,Comfortable
394345,"Athens, TX",TX,267588.3790323857,1446.7222222222224,0.1736066666666667,1575.7777777777778,Comfortable,1770.6608417898776,0.2124793010147853,1251.8391582101226,Comfortable
394452,"Centralia, WA",WA,423140.4135013546,1945.0,0.2334,1077.5000000000005,Comfortable,2712.7686120757326,0.3255322334490879,309.7313879242679,Stretched
394822,"Manitowoc, WI",WI,247514.19867052868,915.0,0.1098,2107.5000000000005,Comfortable,1649.0806813915385,0.1978896817669846,1373.4193186084617,Comfortable
394682,"Hinesville, GA",GA,255441.3309743049,1758.237874097007,0.21098854489164084,1264.2621259029934,Comfortable,1697.0917084730352,0.2036510050167642,1325.408291526965,Comfortable
395126,"Statesboro, GA",GA,284364.11359471525,1727.2916666666667,0.207275,1295.2083333333335,Comfortable,1872.2638194518413,0.22467165833422095,1150.2361805481592,Comfortable
394445,"Casper, WY",WY,305508.8920783569,1348.3333333333333,0.16179999999999997,1674.1666666666674,Comfortable,2000.3281046822983,0.24003937256187577,1022.1718953177019,Comfortable
395231,"Wilson, NC",NC,216733.7636486207,1482.5,0.17789999999999997,1540.0000000000005,Comfortable,1462.6576165572221,0.17551891398686664,1559.842383442778,Comfortable
753881,"Glenwood Springs, CO",CO,936270.0279814736,14731.666666666666,1.7677999999999998,-11709.166666666666,Not Viable,5820.5607963171005,0.698467295558052,-2798.0607963171,Not Viable
395085,"Seneca, SC",SC,279123.10744042887,1604.4444444444443,0.1925333333333333,1418.055555555556,Comfortable,1840.5214340891207,0.22086257209069446,1181.9785659108798,Comfortable
394866,"Minot, ND",ND,265099.2391262541,1656.6666666666667,0.1988,1365.8333333333335,Comfortable,1755.5852559584175,0.2106702307150101,1266.9147440415832,Comfortable
395077,"Searcy, AR",AR,201745.76703254707,1498.3333333333333,0.1798,1524.1666666666674,Comfortable,1371.8821527632213,0.16462585833158655,1650.6178472367797,Comfortable
394638,"Grand Island, NE",NE,251195.1824965512,1445.8333333333333,0.1735,1576.6666666666674,Comfortable,1671.3747225889501,0.200564966710674,1351.1252774110503,Comfortable
394994,"Port Angeles, WA",WA,490546.6692785567,2138.8888888888887,0.2566666666666666,883.6111111111118,Comfortable,3121.017578734194,0.37452210944810327,-98.51757873419365,Stretched
394699,"Huntsville, TX",TX,266729.6353036845,1678.888888888889,0.20146666666666666,1343.6111111111118,Comfortable,1765.4598224508793,0.2118551786941055,1257.0401775491214,Comfortable
394674,"Heber, UT",UT,1173643.6089804503,3772.838864838865,0.45274066378066374,-750.3388648388645,Not Viable,7258.224378687842,0.870986925442541,-4235.724378687841,Not Viable
395062,"Sandusky, OH",OH,222144.22662431025,1732.6666666666667,0.20792,1289.8333333333335,Comfortable,1495.4263246467194,0.17945115895760633,1527.0736753532806,Comfortable
394593,"Findlay, OH",OH,228540.03310110263,1447.5,0.1737,1575.0000000000005,Comfortable,1534.162809190949,0.18409953710291388,1488.3371908090517,Comfortable
394614,"Frankfort, KY",KY,247301.60048392657,1466.111111111111,0.17593333333333333,1556.3888888888891,Comfortable,1647.793071080106,0.1977351685296127,1374.706928919894,Comfortable
394516,"Danville, IL",IL,93025.7747283972,874.6493506493507,0.10495792207792208,2147.8506493506497,Comfortable,713.4147152602361,0.08560976583122833,2309.085284739764,Comfortable
394298,"Aberdeen, WA",WA,319454.72446608474,1803.1944444444443,0.21638333333333332,1219.305555555556,Comfortable,2084.791654776229,0.25017499857314746,937.7083452237716,Comfortable
753893,"Jefferson, GA",GA,399310.89597040944,2267.5096153846152,0.2721011538461538,754.9903846153852,Comfortable,2568.4440861721837,0.308213290340662,454.05591382781677,Stretched
394736,"Kapaa, HI",HI,1038986.3144303592,5000.0,0.6,-1977.4999999999995,Not Viable,6442.666524016261,0.7731199828819513,-3420.1665240162606,Not Viable
394955,"Palatka, FL",FL,209658.87184346595,1453.3333333333333,0.17439999999999997,1569.1666666666674,Comfortable,1419.8082217143815,0.17037698660572576,1602.6917782856185,Comfortable
395088,"Shawnee, OK",OK,187878.48843281515,1106.1640211640213,0.13273968253968255,1916.335978835979,Comfortable,1287.8943671574186,0.1545473240588902,1734.6056328425816,Comfortable
395132,"Stevens Point, WI",WI,301353.62118859583,1562.5,0.1875,1460.0000000000005,Comfortable,1975.1615229255844,0.23701938275107012,1047.3384770744165,Comfortable
394647,"Greeneville, TN",TN,239754.35593206467,1408.3333333333333,0.16899999999999998,1614.1666666666674,Comfortable,1602.082850954537,0.19224994211454444,1420.4171490454632,Comfortable
394655,"Greenwood, SC",SC,166506.36065716206,1435.8333333333333,0.17229999999999998,1586.6666666666674,Comfortable,1158.4531308937962,0.13901437570725553,1864.0468691062038,Comfortable
394764,"Lake City, FL",FL,265608.3892227263,1527.2222222222224,0.18326666666666666,1495.2777777777778,Comfortable,1758.668946015997,0.21104027352191965,1263.8310539840036,Comfortable
394752,"Klamath Falls, OR",OR,306750.02245942684,1500.1190476190477,0.1800142857142857,1522.3809523809527,Comfortable,2007.8450656782481,0.24094140788138976,1014.6549343217525,Comfortable
394877,"Morehead City, NC",NC,467449.2203706541,1941.0370370370367,0.23292444444444438,1081.462962962964,Comfortable,2981.1268587947093,0.3577352230553651,41.37314120529118,Stretched
394472,"Clearlake, CA",CA,300842.0350944365,1992.5396825396824,0.23910476190476188,1029.9603174603185,Comfortable,1972.063079140371,0.2366475694968445,1050.4369208596295,Comfortable
394305,"Alamogordo, NM",NM,227310.69548478315,1581.547619047619,0.18978571428571428,1440.9523809523812,Comfortable,1526.7172715958088,0.18320607259149704,1495.7827284041919,Comfortable
395027,"Roanoke Rapids, NC",NC,100448.2309937337,1387.5,0.16649999999999998,1635.0000000000005,Comfortable,758.3691496143264,0.09100429795371916,2264.130850385674,Comfortable
394897,"Muskogee, OK",OK,151011.1378154067,1064.111111111111,0.12769333333333333,1958.3888888888891,Comfortable,1064.60562905067,0.12775267548608038,1957.894370949331,Comfortable
394885,"Mount Pleasant, MI",MI,214430.3316910658,1467.7777777777776,0.1761333333333333,1554.722222222223,Comfortable,1448.7067791223694,0.1738448134946843,1573.7932208776315,Comfortable
395016,"Red Bluff, CA",CA,308578.8671064251,1683.0555555555554,0.20196666666666663,1339.4444444444448,Comfortable,2018.9215440956775,0.2422705852914813,1003.5784559043227,Comfortable
395040,"Roswell, NM",NM,165793.20362590704,1314.5833333333333,0.15774999999999997,1707.9166666666674,Comfortable,1154.1338638210573,0.13849606365852687,1868.3661361789432,Comfortable
395092,"Shelton, WA",WA,445790.1593415624,2399.8888888888887,0.2879866666666666,622.6111111111118,Comfortable,2849.947798602646,0.34199373583231746,172.55220139735457,Stretched
394540,"Dublin, GA",GA,163432.53543775005,1272.5,0.1527,1750.0000000000005,Comfortable,1139.8363726264115,0.13678036471516938,1882.663627373589,Comfortable
395105,"Somerset, KY",KY,168463.47309511702,1254.1666666666667,0.1505,1768.3333333333335,Comfortable,1170.3064688550448,0.14043677626260537,1852.1935311449556,Comfortable
394496,"Coos Bay, OR",OR,344142.9766849417,1665.0,0.19979999999999998,1357.5000000000005,Comfortable,2234.3171452628358,0.26811805743154027,788.1828547371647,Comfortable
395020,"Rexburg, ID",ID,420639.406654076,1690.4166666666667,0.20285,1332.0833333333335,Comfortable,2697.62115359084,0.3237145384309008,324.87884640916036,Stretched
394343,"Athens, OH",OH,177513.20496150086,1436.7222222222224,0.17240666666666668,1585.7777777777778,Comfortable,1225.116569792841,0.1470139883751409,1797.3834302071596,Comfortable
395063,"Sanford, NC",NC,287693.98731446854,1839.1666666666667,0.22069999999999998,1183.3333333333335,Comfortable,1892.4313467757997,0.22709176161309597,1130.0686532242003,Comfortable
394570,"Enid, OK",OK,137530.85496924014,1249.6666666666667,0.14996,1772.8333333333335,Comfortable,982.9617003268825,0.11795540403922589,2039.5382996731182,Comfortable
395199,"Walla Walla, WA",WA,408336.6193602635,1920.8333333333333,0.23049999999999998,1101.6666666666674,Comfortable,2623.1087787109927,0.3147730534453191,399.3912212890077,Stretched
394701,"Hutchinson, KS",KS,147786.86035756255,876.0416666666666,0.10512499999999998,2146.4583333333335,Comfortable,1045.0776501530459,0.1254093180183655,1977.422349846955,Comfortable
394693,"Hudson, NY",NY,461448.360014372,3836.875,0.460425,-814.3749999999995,Not Viable,2944.7823828812075,0.35337388594574487,77.71761711879299,Stretched
395124,"Starkville, MS",MS,244688.43185318564,1548.75,0.18585,1473.7500000000005,Comfortable,1631.9662997974751,0.195835955975697,1390.5337002025249,Comfortable
394443,"Carlsbad, NM",NM,229243.42650655448,1750.0,0.21,1272.5000000000005,Comfortable,1538.4229424325765,0.18461075309190916,1484.0770575674237,Comfortable
394509,"Crossville, TN",TN,302868.0541376792,1736.6666666666667,0.2084,1285.8333333333335,Comfortable,1984.333753001386,0.23812005036016629,1038.1662469986145,Comfortable
395049,"Salina, KS",KS,170639.7118694511,1160.952380952381,0.1393142857142857,1861.5476190476197,Comfortable,1183.4869551553156,0.14201843461863786,1839.0130448446848,Comfortable
394490,"Columbus, MS",MS,177923.61080486095,1586.9444444444443,0.19043333333333332,1435.555555555556,Comfortable,1227.6022109181415,0.14731226531017697,1794.8977890818592,Comfortable
394336,"Ardmore, OK",OK,177186.72400731067,1098.3333333333333,0.13179999999999997,1924.1666666666674,Comfortable,1223.1392234672658,0.14677670681607188,1799.3607765327347,Comfortable
394592,"Fernley, NV",NV,402321.8640373952,2078.84126984127,0.24946095238095237,943.6587301587301,Comfortable,2586.680147318371,0.3104016176782045,435.8198526816295,Stretched
394444,"Carson City, NV",NV,484284.53555686586,2247.942857142857,0.2697531428571428,774.5571428571434,Comfortable,3083.090689137961,0.36997088269655526,-60.59068913796045,Stretched
394432,"Calhoun, GA",GA,271346.62052173784,1789.4444444444443,0.2147333333333333,1233.055555555556,Comfortable,1793.4227974391022,0.21521073569269225,1229.077202560898,Comfortable
394582,"Fairmont, WV",WV,158447.55699273272,1150.0,0.13799999999999998,1872.5000000000005,Comfortable,1109.644630398217,0.13315735564778602,1912.855369601783,Comfortable
394621,"Gaffney, SC",SC,178475.60712238136,1223.5,0.14681999999999998,1799.0000000000005,Comfortable,1230.9454010067861,0.14771344812081433,1791.5545989932148,Comfortable
394411,"Branson, MO",MO,270599.64031730016,1772.361111111111,0.2126833333333333,1250.1388888888891,Comfortable,1788.898678823406,0.2146678414588087,1233.6013211765944,Comfortable
394446,"Cedar City, UT",UT,407588.2549405056,1603.3333333333333,0.1924,1419.1666666666674,Comfortable,2618.5762765340437,0.31422915318408523,403.92372346595675,Stretched
394951,"Oxford, MS",MS,397607.1473733401,2820.555555555556,0.3384666666666667,201.94444444444434,Stretched,2558.1252575088865,0.30697503090106637,464.3747424911139,Stretched
394721,"Jasper, IN",IN,233704.35472152013,1412.5,0.16949999999999998,1610.0000000000005,Comfortable,1565.4407512857608,0.1878528901542913,1457.0592487142399,Comfortable
394556,"Edwards, CO",CO,1441675.0044137372,5048.61111111111,0.6058333333333332,-2026.11111111111,Not Viable,8881.568368885763,1.0657882042662914,-5859.0683688857625,Not Viable
394547,"Durango, CO",CO,692432.4727442708,2539.285714285714,0.30471428571428566,483.21428571428623,Stretched,4343.747868342813,0.5212497442011375,-1321.2478683428121,Not Viable
394750,"Kinston, NC",NC,144683.14345931876,1079.1666666666667,0.1295,1943.3333333333335,Comfortable,1026.2798516119651,0.1231535821934358,1996.2201483880349,Comfortable
394566,"Elko, NV",NV,356205.0364322919,1891.6666666666667,0.22699999999999998,1130.8333333333335,Comfortable,2307.3715431202795,0.27688458517443354,715.1284568797209,Comfortable
395122,"St. Marys, GA",GA,301914.1063749448,1845.0709706959708,0.22140851648351648,1177.4290293040299,Comfortable,1978.556126223395,0.2374267351468074,1043.9438737766054,Comfortable
394402,"Boone, NC",NC,511499.4885374309,1999.1666666666667,0.2399,1023.3333333333335,Comfortable,3247.9192544375637,0.38975031053250764,-225.41925443756327,Stretched
395204,"Warrensburg, MO",MO,272423.90803852736,1302.857142857143,0.15634285714285714,1719.6428571428573,Comfortable,1799.947436887658,0.21599369242651892,1222.5525631123423,Comfortable
394604,"Fort Leonard Wood, MO",MO,222288.8362049233,1508.9583333333333,0.18107499999999999,1513.5416666666674,Comfortable,1496.3021589617024,0.17955625907540426,1526.1978410382985,Comfortable
394562,"Elizabeth City, NC",NC,261831.67337601204,1581.4555555555555,0.18977466666666665,1441.0444444444452,Comfortable,1735.795099605065,0.20829541195260778,1286.7049003949355,Comfortable
394344,"Athens, TN",TN,246911.33209690053,1253.3333333333333,0.15039999999999998,1769.1666666666674,Comfortable,1645.4293933489253,0.197451527201871,1377.0706066510752,Comfortable
394571,"Enterprise, AL",AL,172648.8835948218,1370.429292929293,0.16445151515151515,1652.0707070707072,Comfortable,1195.6555924911902,0.1434786710989428,1826.8444075088105,Comfortable
394339,"Ashland, OH",OH,233562.39763751675,1036.6666666666667,0.1244,1985.8333333333335,Comfortable,1564.580981933703,0.18774971783204436,1457.9190180662977,Comfortable
394861,"Milledgeville, GA",GA,228713.24948540027,1268.611111111111,0.15223333333333333,1753.8888888888891,Comfortable,1535.2119018765236,0.1842254282251828,1487.288098123477,Comfortable
394742,"Kerrville, TX",TX,371660.2256728292,1923.3333333333333,0.23079999999999998,1099.1666666666674,Comfortable,2400.976579688626,0.2881171895626351,621.5234203113746,Comfortable
394363,"Bartlesville, OK",OK,181025.8151330661,1070.8333333333337,0.12850000000000003,1951.6666666666665,Comfortable,1246.3908485119464,0.14956690182143356,1776.109151488054,Comfortable
394503,"Corsicana, TX",TX,218782.33126029183,1620.0,0.1944,1402.5000000000005,Comfortable,1475.0648568192987,0.17700778281831583,1547.4351431807013,Comfortable
394838,"Mason City, IA",IA,188828.82886338283,1000.0,0.12,2022.5000000000005,Comfortable,1293.6501459687413,0.15523801751624894,1728.849854031259,Comfortable
394954,"Pahrump, NV",NV,355916.5605327591,1846.5,0.22157999999999997,1176.0000000000005,Comfortable,2305.6243760876023,0.27667492513051223,716.8756239123982,Comfortable
753905,"Newport, OR",OR,483787.5822842205,2365.833333333333,0.28389999999999993,656.6666666666674,Comfortable,3080.0808696828417,0.36960970436194096,-57.58086968284124,Stretched
753911,"Ozark, AL",AL,157537.08802507826,1307.7777777777776,0.1569333333333333,1714.722222222223,Comfortable,1104.1303348638664,0.13249564018366397,1918.3696651361338,Comfortable
394628,"Gardnerville Ranchos, NV",NV,684505.0493942009,2518.5416666666665,0.30222499999999997,503.95833333333394,Stretched,4295.735078526578,0.5154882094231893,-1273.2350785265776,Not Viable
394608,"Fort Polk South, LA",LA,160717.0752103479,1412.5,0.16949999999999998,1610.0000000000005,Comfortable,1123.3900677685467,0.1348068081322256,1899.1099322314535,Comfortable
394437,"Ca-on City, CO",CO,336730.7266657991,1402.7777777777776,0.1683333333333333,1619.722222222223,Comfortable,2189.4245254898115,0.26273094305877737,833.075474510189,Comfortable
394478,"Clovis, NM",NM,154267.27910119048,1379.6296296296296,0.16555555555555554,1642.870370370371,Comfortable,1084.3265926302074,0.1301191911156249,1938.173407369793,Comfortable
395043,"Ruston, LA",LA,216140.4544003961,1050.5555555555557,0.12606666666666666,1971.9444444444448,Comfortable,1459.0642128782342,0.1750877055453881,1563.4357871217658,Comfortable
395097,"Sidney, OH",OH,234724.34015772803,1400.0,0.16799999999999998,1622.5000000000005,Comfortable,1571.618338151213,0.18859420057814555,1450.8816618487876,Comfortable
395008,"Pullman, WA",WA,315056.53045518807,2400.0,0.288,622.5000000000005,Comfortable,2058.1537984020842,0.2469784558082501,964.3462015979162,Comfortable
394527,"Del Rio, TX",TX,208111.58044005383,1712.5,0.2055,1310.0000000000005,Comfortable,1410.4369829579905,0.16925243795495884,1612.0630170420104,Comfortable
394876,"Montrose, CO",CO,483044.1883132557,2067.222222222222,0.24806666666666663,955.2777777777778,Comfortable,3075.578471248642,0.369069416549837,-53.07847124864156,Stretched
394887,"Mount Sterling, KY",KY,185626.00872763933,1016.6666666666666,0.12199999999999998,2005.8333333333335,Comfortable,1274.2521242905748,0.15291025491486895,1748.2478757094254,Comfortable
753916,"Sandpoint, ID",ID,633874.2312535134,2658.333333333333,0.31899999999999995,364.1666666666674,Stretched,3989.087291185762,0.4786904749422914,-966.5872911857614,Not Viable
753865,"Bardstown, KY",KY,257707.68449049816,1083.3333333333337,0.13000000000000003,1939.1666666666665,Comfortable,1710.8179786893613,0.20529815744272334,1311.682021310639,Comfortable
394379,"Bemidji, MN",MN,257634.73591688147,2000.0,0.24,1022.5000000000005,Comfortable,1710.3761624298043,0.2052451394915765,1312.1238375701964,Comfortable
394548,"Durant, OK",OK,226947.7191357224,1629.3333333333333,0.19551999999999997,1393.1666666666674,Comfortable,1524.5188892985443,0.1829422667158253,1497.9811107014561,Comfortable
395155,"Thomasville, GA",GA,210850.17210180432,1579.3055555555554,0.18951666666666664,1443.1944444444448,Comfortable,1427.0233843701167,0.17124280612441398,1595.4766156298833,Comfortable
394850,"Menomonie, WI",WI,303362.3457114396,1491.6666666666667,0.179,1530.8333333333335,Comfortable,1987.3274517595942,0.23847929421115127,1035.1725482404058,Comfortable
395208,"Washington, NC",NC,227970.23216789495,1500.0,0.18,1522.5000000000005,Comfortable,1530.7117846606452,0.18368541415927742,1491.7882153393552,Comfortable
394567,"Ellensburg, WA",WA,492583.7283874121,2092.583333333333,0.25110999999999994,929.9166666666674,Comfortable,3133.3551172404304,0.3760026140688516,-110.85511724042999,Stretched
394842,"McAlester, OK",OK,143152.16253498918,1118.888888888889,0.13426666666666667,1903.6111111111118,Comfortable,1017.0073979928638,0.12204088775914365,2005.4926020071366,Comfortable
394785,"Lewisburg, PA",PA,277581.609638645,1187.5,0.1425,1835.0000000000005,Comfortable,1831.1852845369988,0.21974223414443983,1191.314715463002,Comfortable
394545,"Duncan, OK",OK,138031.71691097273,935.0,0.1122,2087.5000000000005,Comfortable,985.9951928090452,0.11831942313708542,2036.5048071909555,Comfortable
394448,"Cedartown, GA",GA,214409.7024191071,1662.25,0.19946999999999998,1360.2500000000005,Comfortable,1448.5818370251866,0.17382982044302236,1573.918162974814,Comfortable
394677,"Henderson, NC",NC,181763.2574385765,990.0833333333334,0.11881,2032.4166666666674,Comfortable,1250.8572004213293,0.1501028640505595,1771.6427995786712,Comfortable
394558,"El Campo, TX",TX,231072.87759787976,1512.5,0.1815,1510.0000000000005,Comfortable,1549.50309380687,0.1859403712568244,1472.9969061931301,Comfortable
394891,"Mountain Home, AR",AR,228128.55187399723,1150.0,0.13799999999999998,1872.5000000000005,Comfortable,1531.670654956476,0.1838004785947771,1490.8293450435244,Comfortable
394341,"Astoria, OR",OR,522536.6645582216,2437.1666666666665,0.29245999999999994,585.3333333333339,Comfortable,3314.7663987175956,0.39777196784611146,-292.26639871759517,Stretched
394384,"Big Rapids, MI",MI,210178.4141858235,1400.0,0.16799999999999998,1622.5000000000005,Comfortable,1422.9548528683777,0.17075458234420532,1599.5451471316233,Comfortable
394476,"Clewiston, FL",FL,277512.73630326334,1990.0,0.23879999999999998,1032.5000000000005,Comfortable,1830.7681501378888,0.21969217801654664,1191.731849862112,Comfortable
394981,"Pittsburg, KS",KS,135534.45658467544,916.6666666666666,0.10999999999999999,2105.8333333333335,Comfortable,970.8704252940269,0.11650445103528322,2051.6295747059735,Comfortable
395227,"Williston, ND",ND,342705.6797576568,1710.0,0.2052,1312.5000000000005,Comfortable,2225.612092911539,0.2670734511493847,796.8879070884614,Comfortable
394300,"Ada, OK",OK,183885.0320766784,979.1666666666666,0.1175,2043.3333333333335,Comfortable,1263.707822273852,0.15164493867286222,1758.7921777261486,Comfortable
394799,"Lock Haven, PA",PA,192343.42415926157,1100.0,0.13199999999999998,1922.5000000000005,Comfortable,1314.93644768097,0.1577923737217164,1707.5635523190308,Comfortable
394554,"Easton, MD",MD,491156.6143614926,2720.833333333333,0.32649999999999996,301.6666666666674,Stretched,3124.7117380812147,0.37496540856974575,-102.21173808121421,Stretched
394771,"Laramie, WY",WY,367664.24708554737,1865.8333333333333,0.2239,1156.6666666666674,Comfortable,2376.774758800677,0.2852129710560812,645.7252411993236,Comfortable
394894,"Murray, KY",KY,178309.11848472615,1275.0,0.153,1747.5000000000005,Comfortable,1229.937055216037,0.1475924466259244,1792.5629447839633,Comfortable
394617,"Fremont, NE",NE,234099.5204533171,1472.2222222222224,0.17666666666666667,1550.2777777777778,Comfortable,1567.8340900019505,0.18814009080023406,1454.6659099980502,Comfortable
394550,"Dyersburg, TN",TN,163753.2260462394,1262.5,0.1515,1760.0000000000005,Comfortable,1141.778649467386,0.1370134379360863,1880.721350532615,Comfortable
395137,"Sulphur Springs, TX",TX,256751.79766746963,2100.0,0.252,922.5000000000005,Comfortable,1705.028607907016,0.20460343294884192,1317.4713920929848,Comfortable
394920,"North Platte, NE",NE,212629.1698081452,1070.8333333333333,0.12849999999999998,1951.6666666666674,Comfortable,1437.7979625888208,0.1725357555106585,1584.7020374111794,Comfortable
394413,"Brenham, TX",TX,364426.0272819151,1675.0,0.20099999999999998,1347.5000000000005,Comfortable,2357.1623374697037,0.28285948049636445,665.3376625302967,Comfortable
395187,"Vernal, UT",UT,353786.5639273127,1575.0,0.18899999999999997,1447.5000000000005,Comfortable,2292.7239575265457,0.2751268749031855,729.7760424734547,Comfortable
394430,"Butte, MT",MT,275948.8274959526,1497.2222222222224,0.17966666666666667,1525.2777777777778,Comfortable,1821.2962673404968,0.2185555520808596,1201.203732659504,Comfortable
394713,"Jackson, WY",WY,1503962.95504729,4100.0,0.49199999999999994,-1077.4999999999995,Not Viable,9258.818094274331,1.1110581713129197,-6236.318094274331,Not Viable
394535,"Dixon, IL",IL,176262.03702985702,1187.5,0.1425,1835.0000000000005,Comfortable,1217.5388159283018,0.1461046579113962,1804.9611840716984,Comfortable
395149,"Taos, NM",NM,439135.0661028786,2649.166666666667,0.3179,373.3333333333335,Stretched,2809.640932327672,0.3371569118793206,212.85906767232837,Stretched
394419,"Brookings, SD",SD,305564.9207925464,1517.8333333333333,0.18213999999999997,1504.6666666666674,Comfortable,2000.6674450655812,0.24008009340786973,1021.8325549344195,Comfortable
394786,"Lewisburg, TN",TN,321173.4693524788,1600.0,0.19199999999999998,1422.5000000000005,Comfortable,2095.201309128477,0.2514241570954172,927.2986908715234,Comfortable
395165,"Troy, AL",AL,162492.26548227813,1199.6666666666667,0.14396,1822.8333333333335,Comfortable,1134.1415860925001,0.1360969903311,1888.3584139075006,Comfortable
395141,"Susanville, CA",CA,224731.75157769927,1150.0,0.13799999999999998,1872.5000000000005,Comfortable,1511.097783864327,0.18133173406371925,1511.4022161356738,Comfortable
394749,"Kingsville, TX",TX,147176.85189918402,1420.8333333333333,0.17049999999999998,1601.6666666666674,Comfortable,1041.3831069698572,0.12496597283638285,1981.1168930301433,Comfortable
753871,"Breckenridge, CO",CO,1391955.4199388858,4883.333333333333,0.586,-1860.8333333333326,Not Viable,8580.439508507623,1.0296527410209146,-5557.939508507623,Not Viable
394751,"Kirksville, MO",MO,183371.9921100229,944.4444444444443,0.11333333333333331,2078.055555555556,Comfortable,1260.6005730456213,0.15127206876547455,1761.8994269543787,Comfortable
394892,"Mountain Home, ID",ID,347511.2598736487,1818.611111111111,0.2182333333333333,1203.8888888888891,Comfortable,2254.7173012327476,0.2705660761479297,767.7826987672529,Comfortable
394615,"Fredericksburg, TX",TX,506672.52784579626,2033.3333333333333,0.24399999999999997,989.1666666666674,Comfortable,3218.684553715211,0.38624214644582533,-196.18455371521077,Stretched
753923,"The Dalles, OR",OR,390918.1884677363,1686.6666666666667,0.2024,1335.8333333333335,Comfortable,2517.613282325757,0.3021135938790908,504.8867176742433,Stretched
394643,"Great Bend, KS",KS,119476.62577331852,725.0,0.087,2297.5000000000005,Comfortable,873.6154634225195,0.10483385561070233,2148.884536577481,Comfortable
395110,"Spearfish, SD",SD,439304.1242916023,1995.8333333333333,0.23949999999999996,1026.6666666666674,Comfortable,2810.664840718011,0.3372797808861613,211.8351592819895,Stretched
395004,"Prineville, OR",OR,465012.4521975988,1836.111111111111,0.22033333333333333,1186.3888888888891,Comfortable,2966.368464678825,0.355964215761459,56.131535321175306,Stretched
394687,"Hood River, OR",OR,679944.8547095248,2980.0,0.3576,42.500000000000455,Stretched,4268.116057913211,0.5121739269495853,-1245.6160579132106,Not Viable
394959,"Pampa, TX",TX,101064.21651030343,1200.0,0.144,1822.5000000000005,Comfortable,762.0998931145643,0.09145198717374771,2260.4001068854363,Comfortable
394996,"Portales, NM",NM,141236.45256061517,1124.6666666666667,0.13496,1897.8333333333335,Comfortable,1005.4048158817832,0.12064857790581397,2017.0951841182173,Comfortable
